Name,Studio,Genre,Modes,Modding Support,Spinoff/Sequel,Open World,Player Persepective,Platforms,Platform Count,Story Hours,Extra Hours,Completionist,Map Size(sqkm),has_map_size,unique_factor,Launch Price,price_per_story_hour,price_per_extra_hour,price_per_completionist_hour,Release Date,Day,Month,Year,Franchise,content_density,critics_rating,user_rating,genre_count,modes_count,has_Action,has_Adventure,has_Shooter,has_Rpg,has_Survival,has_multiplayer,has_coop,is_first_person,is_third_person,is_isometric,is_vr,is_side_view,franchise_avg_critic,franchise_avg_user,is_first_franchise_game,studio_avg_critic,studio_avg_user,has_new_studio
The Elder Scrolls: Arena,bethesda softworks,"rpg,action,fantasy,sandbox",single player,No,No,Yes,First Person,PC,1,26.5,45.5,62.0,120000.0,1,1,$49.99,$1.89,$1.10,$0.81,1994-03-25,25,3,1994,The Elder Scrolls,0.0002208333333,7.0,6.83,4,1,1,0,0,1,0,0,0,1,0,0,0,0,7.699408284023669,7.367455621301775,1,7.699408284023669,7.367455621301775,0
Resident Evil,capcom planning room 2,"adventure,action,horror,survival",single player,No,No,No,Third Person,"PC, Playstation",2,7.0,8.5,15.0,,0,1,$49.99,$7.14,$5.88,$3.33,1996-03-22,22,3,1996,Resident Evil,,8.9,8.6,4,1,1,1,0,0,1,0,0,0,1,0,0,0,7.699408284023669,7.367455621301775,1,7.699408284023669,7.367455621301775,0
The Elder Scrolls II: Daggerfall,bethesda game studios,"rpg,adventure,action,fantasy,historical,sandbox",single player,Yes,Yes,Yes,"First Person, Third Person",DOS,1,31.0,74.5,269.0,161000.0,1,1,$49.99,$1.61,$0.67,$0.19,1996-08-31,31,8,1996,The Elder Scrolls,0.0001925465839,8.25,8.15,6,1,1,1,0,1,0,0,0,1,1,0,0,0,7.0,6.83,0,7.699408284023669,7.367455621301775,0
Postal,running with scissors,"shooter,indie,action","single player,multiplayer",No,No,No,Bird view/Isometric,"Linux, Mac, PC",3,2.5,3.5,13.5,,0,1,$49.99,$20.00,$14.28,$3.70,1997-09-24,24,9,1997,Postal,,2.8,7.2,3,2,1,0,1,0,0,1,0,0,0,1,0,0,7.699408284023669,7.367455621301775,1,7.699408284023669,7.367455621301775,0
Fallout: A Post Nuclear Role Playing Game,"interplay entertainment,black isle studios","rpg,science fiction,survival,stealth",single player,Limited,No,No,Bird view/Isometric,"DOS, Linux, Mac, OnLive Game System, PC",5,16.0,23.0,32.5,,0,1,$49.99,$3.12,$2.17,$1.54,1997-10-10,10,10,1997,Fallout,,9.2,9.05,4,1,0,0,0,1,1,0,0,0,0,1,0,0,7.699408284023669,7.367455621301775,1,7.699408284023669,7.367455621301775,0
An Elder Scrolls Legend: Battlespire,bethesda softworks,"rpg,action,fantasy","single player,multiplayer",No,Yes,No,First Person,DOS,1,15.5,25.5,37.0,,0,1,$49.99,$3.23,$1.96,$1.35,1997-11-30,30,11,1997,The Elder Scrolls,,5.7,6.0,3,2,1,0,0,1,0,1,0,1,0,0,0,0,7.625,7.49,0,7.0,6.83,0
Resident Evil 2,capcom planning room 2,"shooter,adventure,action,horror,survival",single player,No,Yes,No,Third Person,"Dreamcast, Nintendo GameCube, PC, Playstation, Playstation, Playstation Portable",6,6.0,9.5,15.5,,0,1,$49.99,$8.33,$5.26,$3.23,1998-01-21,21,1,1998,Resident Evil,,7.6,8.8,5,1,1,1,1,0,1,0,0,0,1,0,0,0,8.9,8.6,0,8.9,8.6,0
Fallout 2,black isle studios,"puzzle,rpg,science fiction,survival,stealth,comedy",single player,Limited,Yes,No,Bird view/Isometric,"Mac, PC",2,30.5,47.5,82.5,,0,0,$49.99,$1.64,$1.05,$0.61,1998-10-29,29,10,1998,Fallout,,8.75,9.1,6,1,0,0,0,1,1,0,0,0,0,1,0,0,9.2,9.05,0,9.2,9.05,0
The Elder Scrolls Adventures: Redguard,bethesda softworks,"rpg,adventure,action,fantasy,historical",single player,No,Yes,No,Third Person,"DOS, PC",2,17.0,17.0,17.0,,0,1,$49.99,$2.94,$2.94,$2.94,1998-10-31,31,10,1998,The Elder Scrolls,,6.5,6.5,5,1,1,1,0,1,0,0,0,0,1,0,0,0,6.983333333333333,6.993333333333333,0,6.35,6.415,0
Silent Hill,team silent,"puzzle,adventure,action,horror,survival",single player,Limited,No,No,Third Person,"Playstation, Playstation 3/Portable",3,7.0,8.0,14.5,,0,1,$49.99,$7.14,$6.25,$3.45,1999-02-24,24,2,1999,Silent Hill,,8.8,8.83,5,1,1,1,0,0,1,0,0,0,1,0,0,0,7.699408284023669,7.367455621301775,1,7.699408284023669,7.367455621301775,0
Resident Evil 3: Nemesis,capcom planning room 2,"shooter,adventure,action,horror,survival,puzz",single player,Limited,Yes,No,Third Person,"Dreamcast, Nintendo GameCube, PC, Playstation, Playstation, Playstation Portable",6,7.0,8.0,13.0,,0,0,$49.99,$7.14,$6.25,$3.85,1999-09-22,22,9,1999,Resident Evil,,8.55,8.63,6,1,1,1,1,0,1,0,0,0,1,0,0,0,8.25,8.7,0,8.25,8.7,0
Resident Evil Code: Veronica,nextech,"shooter,adventure,action,horror,survival,puzz","single player,multiplayer",No,Yes,No,Third Person,Dreamcast,1,11.5,14.0,17.5,,0,0,$49.99,$4.35,$3.57,$2.86,2000-02-03,3,2,2000,Resident Evil,,4.7,8.08,6,2,1,1,1,0,1,1,0,0,1,0,0,0,8.35,8.676666666666668,0,7.699408284023669,7.367455621301775,0
Fallout Tactics: Brotherhood of Steel,micro forté,"rpg,strategy,tactical,tbs,action,science fiction,stealth","single player,multiplayer",Limited,Yes,No,Bird view/Isometric,"Mac, PC",2,25.5,45.5,49.5,,0,0,$49.99,$1.96,$1.10,$1.01,2001-03-15,15,3,2001,Fallout,,8.25,7.18,7,2,1,0,0,1,0,1,0,0,0,1,0,0,8.975,9.075,0,7.699408284023669,7.367455621301775,0
Max Payne,remedy entertainment,"shooter,action,thriller",single player,Yes,No,No,Third Person,"Android, iOS, Mac, PC, Playstation 2/3/4, Xbox/360/One",10,8.0,9.0,11.5,,0,1,$49.99,$6.25,$5.55,$4.35,2001-07-23,23,7,2001,Max Payne,,9.1,8.93,3,1,1,0,1,0,0,0,0,0,1,0,0,0,7.699408284023669,7.367455621301775,1,7.699408284023669,7.367455621301775,0
Silent Hill 2,team silent,"puzzle,adventure,drama,horror,survival,mystery",single player,Yes,Yes,No,Third Person,Playstation 2,1,16.0,18.5,32.0,,0,1,$49.99,$3.12,$2.70,$1.56,2001-09-24,24,9,2001,Silent Hill,,8.8,9.4,6,1,0,1,0,0,1,0,0,0,1,0,0,0,8.8,8.83,0,8.8,8.83,0
Grand Theft Auto III,"dma design,transgaming inc.","shooter,arcade,action",single player,Limited,Yes,Yes,Third Person,"Android, iOS, Mac, PC, Playstation 2, Xbox",6,14.0,20.5,36.5,8.12,1,1,$49.95,$3.57,$2.44,$1.37,2001-10-22,22,10,2001,Grand Theft Auto ,1.724137931,9.65,7.78,3,1,1,0,1,0,0,0,0,0,1,0,0,0,7.699408284023669,7.367455621301775,1,7.699408284023669,7.367455621301775,0
Tom Clancy's Ghost Recon,red storm entertainment,"shooter,simulator,strategy,tactical,adventure,action,warfare","single player,multiplayer,co-operative",Yes,Yes,No,First Person,"Mac, Nintendo GameCube, PC, Playstation 2, Xbox",5,10.0,12.5,13.5,,0,1,$49.99,$5.00,$4.00,$3.70,2001-11-13,13,11,2001,Ghost Recon,,8.85,7.83,7,3,1,1,1,0,0,1,1,1,0,0,0,0,7.699408284023669,7.367455621301775,1,7.699408284023669,7.367455621301775,0
E.T. The Extra Terrestrial,newkidco,"adventure,science fiction",single player,No,No,No,Bird view/Isometric,Game Boy Advance,1,2.5,2.5,2.5,,0,1,$34.95,$13.98,$13.98,$13.98,2001-12-14,14,12,2001,,,4.05,2.58,2,1,0,1,0,0,0,0,0,0,0,1,0,0,7.699408284023669,7.367455621301775,1,7.699408284023669,7.367455621301775,0
The Elder Scrolls III: Morrowind,bethesda game studios,"rpg,adventure,action,fantasy,sandbox",single player,Yes,Yes,Yes,"First Person, Third Person","PC, Xbox",2,44.0,104.0,295.0,24.0,1,1,$49.99,$1.14,$0.48,$0.17,2002-05-01,1,5,2002,The Elder Scrolls,1.833333333,9.05,8.9,5,1,1,1,0,1,0,0,0,1,1,0,0,0,6.8625,6.87,0,8.25,8.15,0
Mafia,illusion softworks,"fighting,shooter,adventure,action,stealth,racing",single player,Yes,No,Yes,Third Person,"PC, Playstation 2, Xbox",3,16.0,18.5,21.0,16.0,1,1,$49.99,$3.12,$2.70,$2.38,2002-08-29,29,8,2002,Mafia,1.0,7.9,8.58,6,1,1,1,1,0,0,0,0,0,1,0,0,0,7.699408284023669,7.367455621301775,1,7.699408284023669,7.367455621301775,0
Grand Theft Auto Vice City,rockstar north,"shooter,arcade,action",single player,Yes,Yes,Yes,Third Person,"PC, Playstation 2, Xbox",3,17.0,24.5,38.0,9.11,1,1,$4.81,$0.28,$0.20,$0.13,2002-10-27,27,10,2002,Grand Theft Auto ,1.866081229,9.6,8.88,3,1,1,0,1,0,0,0,0,0,1,0,0,0,9.65,7.78,0,7.699408284023669,7.367455621301775,0
Devil May Cry 2,capcom production studio 1,"hack and slash/beat 'em up,adventure,horror,action",single player,No,Yes,No,Third Person,Playstation 2,1,5.0,7.0,18.5,,0,0,$49.99,$10.00,$7.14,$2.70,2003-01-25,25,1,2003,Devil May Cry,,6.9,5.65,4,1,1,1,0,0,0,0,0,0,1,0,0,0,7.699408284023669,7.367455621301775,1,7.699408284023669,7.367455621301775,0
Postal 2,running with scissors,"shooter,indie,action,adventure,comedy",single player,No,Yes,Yes,First Person,"Linux, Mac, PC",3,7.0,12.5,32.0,104.0,1,1,$49.99,$7.14,$4.00,$1.56,2003-04-14,14,4,2003,Postal,0.06730769231,5.25,8.25,5,1,1,1,1,0,0,0,0,1,0,0,0,0,2.8,7.2,0,2.8,7.2,0
Silent Hill 3,team silent,"puzzle,adventure,action,horror,survival,science fiction,mystery,stealth",single player,Yes,Yes,No,Third Person,"PC, Playstation 2",2,6.0,8.0,11.5,,0,0,$49.99,$8.33,$6.25,$4.35,2003-05-23,23,5,2003,Silent Hill,,8.65,8.68,8,1,1,1,0,0,1,0,0,0,1,0,0,0,8.8,9.115,0,8.8,9.115,0
Max Payne 2: The Fall of Max Payne,remedy entertainment,"shooter,action,thriller",single player,Yes,Yes,No,Third Person,"PC, Playstation 2/3, Xbox/360",5,6.0,7.5,9.5,,0,0,$49.99,$8.33,$6.67,$5.26,2003-10-14,14,10,2003,Max Payne,,9.0,8.88,3,1,1,0,1,0,0,0,0,0,1,0,0,0,9.1,8.93,0,9.1,8.93,0
Call of Duty,infinity ward,"shooter,action,historical,warfare","single player,multiplayer",Limited,No,No,First Person,"Mac, PC",2,7.0,9.0,10.0,,0,1,$49.99,$7.14,$5.55,$5.00,2003-10-29,29,10,2003,Call of Duty,,9.2,8.45,4,2,1,0,1,0,0,1,0,1,0,0,0,0,7.699408284023669,7.367455621301775,1,7.699408284023669,7.367455621301775,0
Fallout: Brotherhood of Steel,interplay,"rpg,action,science fiction,comedy,hack and slash/beat 'em up",single player,Limited,Yes,No,Bird view/Isometric,"Playstation 2, Xbox",2,10.0,13.0,17.5,,0,0,$49.99,$5.00,$3.85,$2.86,2004-01-13,13,1,2004,Fallout,,7.05,5.7,5,1,1,0,0,1,0,0,0,0,0,1,0,0,8.733333333333333,8.443333333333333,0,7.699408284023669,7.367455621301775,0
Far Cry,"crytek frankfurt,crytek","shooter,action,science fiction","single player,multiplayer",Yes,No,Yes,First Person,PC,1,13.0,16.0,19.5,,0,1,$49.99,$3.85,$3.12,$2.56,2004-03-23,23,3,2004,Far Cry,,9.05,7.58,3,2,1,0,1,0,0,1,0,1,0,0,0,0,7.699408284023669,7.367455621301775,1,7.699408284023669,7.367455621301775,0
Silent Hill 4: The Room,team silent,"adventure,action,horror,survival",single player,Yes,Yes,No,Third Person,"PC, Playstaion 2/3, Xbox",4,9.0,10.0,12.5,,0,1,$49.99,$5.55,$5.00,$4.00,2004-06-17,17,6,2004,Silent Hill,,7.25,7.65,4,1,1,1,0,0,1,0,0,0,1,0,0,0,8.75,8.97,0,8.75,8.97,0
Driv3r,reflections interactive,"shooter,racing,action,sandbox",single player,No,Yes,Yes,"First Person, Third Person","PC, Playstation 2, Xbox",3,10.0,13.5,14.0,20.0,1,0,$49.99,$5.00,$3.70,$3.57,2004-06-21,21,6,2004,Driver,0.5,5.5,5.6,4,1,1,0,1,0,0,0,0,1,1,0,0,0,7.699408284023669,7.367455621301775,1,7.699408284023669,7.367455621301775,0
Grand Theft Auto San Andreas,rockstar games,"shooter,racing,action","single player,multiplayer,co-operative",Yes,Yes,Yes,Third Person,"PC, Playstation 2/3/4, Xbox/360",6,30.0,45.0,72.5,38.2,1,1,$49.99,$1.67,$1.11,$0.69,2004-10-26,26,10,2004,Grand Theft Auto ,0.7853403141,9.55,9.13,3,3,1,0,1,0,0,1,1,0,1,0,0,0,9.625,8.33,0,7.699408284023669,7.367455621301775,0
Resident Evil 4,capcom production studio 4,"shooter,adventure,action,horror,survival",single player,Limited,Yes,No,Third Person,Nintendo GameCube,1,15.5,19.5,31.5,,0,1,$49.99,$3.23,$2.56,$1.59,2005-01-11,11,1,2005,Resident Evil,,9.65,9.23,5,1,1,1,1,0,1,0,0,0,1,0,0,0,7.4375,8.5275,0,7.699408284023669,7.367455621301775,0
God of War(2005),sce santa monica studio,"puzzle,hack and slash/beat 'em up,adventure,action,fantasy,historical",single player,No,No,No,Third Person,Playstation 2,1,9.0,10.0,13.0,,0,1,$49.99,$5.55,$5.00,$3.85,2005-03-22,22,3,2005,God of War,,9.6,8.8,6,1,1,1,0,0,0,0,0,0,1,0,0,0,7.699408284023669,7.367455621301775,1,7.699408284023669,7.367455621301775,0
Call of Duty 2,infinity ward,"shooter,action,historical,warfare","single player,multiplayer",Limited,Yes,No,First Person,"Mac, PC, Xbox 360",3,8.0,9.6,11.0,,0,1,$59.99,$7.50,$6.25,$5.45,2005-10-25,25,10,2005,Call of Duty,,8.95,8.5,4,2,1,0,1,0,0,1,0,1,0,0,0,0,9.2,8.45,0,9.2,8.45,0
Tom Clancy's Ghost Recon Advanced Warfighter,"darkworks,ubisoft paris,ubisoft shanghai,grin","shooter,simulator,strategy,tactical,action,warfare","single player,multiplayer",Limited,Yes,No,Third Person,"PC, Playstation 2, Xbox, Xbox 360",4,14.5,16.5,20.5,,0,1,$49.99,$3.45,$3.03,$2.44,2006-03-09,9,3,2006,Ghost Recon,,9.1,7.63,6,2,1,0,1,0,0,1,0,0,1,0,0,0,8.85,7.83,0,7.699408284023669,7.367455621301775,0
The Elder Scrolls IV: Oblivion,bethesda game studios,"rpg,adventure,action,fantasy,historical,sandbox",single player,Yes,Yes,Yes,"First Person, Third Person","PC, Playstation 3, Xbox 360",3,27.5,85.0,184.0,41.0,1,1,$59.99,$2.18,$0.71,$0.33,2006-03-20,20,3,2006,The Elder Scrolls,0.6707317073,9.2,8.98,6,1,1,1,0,1,0,0,0,1,1,0,0,0,7.3,7.276000000000001,0,8.65,8.525,0
Call of Duty 3,"treyarch,exact entertainment","shooter,action,historical,warfare","single player,multiplayer",Limited,Yes,No,First Person,"Playstation 2/3, Wii, Xbox/360",5,8.0,10.0,11.0,,0,0,$59.99,$7.50,$6.00,$5.45,2006-11-07,7,11,2006,Call of Duty,,8.5,7.23,4,2,1,0,1,0,0,1,0,1,0,0,0,0,9.075,8.475,0,7.699408284023669,7.367455621301775,0
Sonic the Hedgehog,sonic team,"adventure,action,scienve fiction,educational","single player,multiplayer",No,No,No,Third Person,"Playstation 3, Xbox 360",2,16.0,19.5,25.0,,0,1,$59.99,$3.75,$3.08,$2.40,2006-11-14,14,11,2006,Sonic the Hedgehog,,4.7,4.08,4,2,1,1,0,0,0,1,0,0,1,0,0,0,7.699408284023669,7.367455621301775,1,7.699408284023669,7.367455621301775,0
Crackdown,realtime worlds,"fighting,shooter,rpg,adventure,action,science fiction,sandbox","single player,co-operative",No,No,Yes,Thrid Person,Xbox 360,1,11.0,17.0,45.0,16.0,1,1,$59.99,$5.45,$3.53,$1.33,2007-02-20,20,2,2007,Crackdown,0.6875,8.15,7.4,7,2,1,1,1,1,0,0,1,0,0,0,0,0,7.699408284023669,7.367455621301775,1,7.699408284023669,7.367455621301775,0
Tom Clancy's Ghost Recon Advanced Warfighter 2,"grin,red storm entertainment,ubisoft paris,high voltage software","shooter,simulator,strategy,tactical,action,warfare","single player,multiplayer",Limited,Yes,No,"First Person, Third Person","PC, Playstation 3/Portable, Xbox 360",4,9.0,10.0,21.5,,0,0,$49.99,$5.55,$5.00,$2.33,2007-03-06,6,3,2007,Ghost Recon,,8.45,7.23,6,2,1,0,1,0,0,1,0,1,1,0,0,0,8.975,7.73,0,9.016666666666666,7.696666666666666,0
S.T.A.L.K.E.R.: Shadow of Chernobyl,gsc game world,"shooter,rpg,adventure,action,horror,survival,stealth,science fiction,sandbox","single player,multiplayer",Yes,No,Yes,First Person,"Nintendo Switch, PC, Playstation 4, Xbox One",4,15.0,24.5,42.0,30.0,1,1,$49.99,$3.33,$2.04,$1.19,2007-03-23,23,3,2007,S.T.A.L.K.E.R.,0.5,8.2,7.7,9,2,1,1,1,1,1,1,0,1,0,0,0,0,7.699408284023669,7.367455621301775,1,7.699408284023669,7.367455621301775,0
Call of Duty 4: Modern Warfare,infinity ward,"shooter,simulator,action,stealth,warfare","single player,multiplayer,co-operative,splitscreen",No,Yes,No,First Person,"Mac, PC, Playstation 3, Xbox 360",4,7.0,9.5,16.5,8.75,1,1,$19.99,$2.86,$2.10,$1.21,2007-11-05,5,11,2007,Call of Duty,0.8,9.4,8.73,5,4,1,0,1,0,0,1,1,1,0,0,0,0,8.883333333333333,8.06,0,9.075,8.475,0
Silent Hill: Origins,climax la,"puzzle,adventure,horror,survival",single player,Limited,Yes,No,Third Person,Playstation 2/Portable,2,6.0,7.0,8.0,,0,0,$39.99,$6.67,$5.71,$5.00,2007-11-06,6,11,2007,Silent Hill,,7.9,7.3,4,1,0,1,0,0,1,0,0,0,1,0,0,0,8.375,8.64,0,7.699408284023669,7.367455621301775,0
Mass Effect,"bioware,bioware edmonton","shooter,rpg,action,science fictiion,romance",single player,Yes,No,No,Third Person,"PC, Playstation 3, Xbox 360",3,17.0,27.5,42.5,,0,1,$59.99,$3.53,$2.18,$1.41,2007-11-20,20,11,2007,Mass Effect,,9.25,8.8,5,1,1,0,1,1,0,0,0,0,1,0,0,0,7.699408284023669,7.367455621301775,1,7.699408284023669,7.367455621301775,0
Grand Theft Auto IV,rockstar north,"shooter,arcade,action","single player,multiplayer",Yes,Yes,Yes,Third Person,"PC, Playstation 3, Xbox 360",3,27.0,40.5,74.0,16.14,1,1,$19.99,$0.74,$0.49,$0.27,2008-04-29,29,4,2008,Grand Theft Auto ,1.672862454,9.9,8.63,3,2,1,0,1,0,0,1,0,0,1,0,0,0,9.6,8.596666666666668,0,9.6,8.88,0
Alone in the Dark,eden games,"shooter,puzzle,adventure,action,horror,survival,mystery",single player,No,No,Semi,"First Person, Third Person","PC, Xbox 360",2,9.0,12.5,15.5,,0,1,$59.99,$6.67,$4.80,$3.87,2008-06-20,20,6,2008,Alone in the Dark,,2.9,5.5,7,1,1,1,1,0,1,0,0,1,1,0,0,0,7.699408284023669,7.367455621301775,1,7.699408284023669,7.367455621301775,0
S.T.A.L.K.E.R.: Clear Sky,gsc game world,"shooter,rpg,adventure,action,horror,survival,stealth","single player,multiplayer",Yes,Yes,Yes,First Person,"Nintendo Switch, PC",2,13.0,22.5,35.5,30.0,1,0,$49.99,$3.85,$2.22,$1.41,2008-08-22,22,8,2008,S.T.A.L.K.E.R.,0.4333333333,7.4,7.28,7,2,1,1,1,1,1,1,0,1,0,0,0,0,8.2,7.7,0,8.2,7.7,0
Silent Hill: Homecoming ,double helix games,"puzzle,adventure,horror,survival",single player,Limited,Yes,No,Third Person,"PC, Playstation 3, Xbox 360",3,9.5,11.5,18.5,,0,0,$59.99,$6.31,$5.22,$3.24,2008-09-30,30,9,2008,Silent Hill,,7.0,6.5,4,1,0,1,0,0,1,0,0,0,1,0,0,0,8.280000000000001,8.372,0,7.699408284023669,7.367455621301775,0
Far Cry 2,unisoft montreal,"shooter,adventure,action,sandbox,stealth","single player,multiplayer",Limited,Yes,Yes,First Person,"PC, Playstation 3, Xbox 360",3,17.0,26.0,41.0,50.0,1,1,$49.99,$2.94,$1.92,$1.22,2008-10-21,21,10,2008,Far Cry,0.34,8.7,6.93,5,2,1,1,1,0,0,1,0,1,0,0,0,0,9.05,7.58,0,7.699408284023669,7.367455621301775,0
Fallout 3,bethesda game studios,"shooter,rpg,acrtion,science fiction,survival,stealth,sandbox",single player,Yes,Yes,Yes,"First Person, Third Person","PC, Playstation 3, Xbox 360",3,22.0,52.5,114.0,39.0,1,1,$59.99,$2.73,$1.14,$0.53,2008-10-28,28,10,2008,Fallout,0.5641025641,9.05,8.13,7,1,0,0,1,1,1,0,0,1,1,0,0,0,8.3125,7.7575,0,8.833333333333334,8.676666666666668,0
Call of Duty: World at War,treyarch,"shooter,action,historical,warfare,horror,survival,stealth,adventure","single player,multiplayer,co-operative,splitscreen",Limited,Yes,No,First Person,"PC, Playstaion 3, Xbox 360",3,7.0,11.0,25.5,,0,1,$59.99,$8.57,$5.45,$2.35,2008-11-11,11,11,2008,Call of Duty,,8.8,8.18,8,4,1,1,1,0,1,1,1,1,0,0,0,0,9.0125,8.2275,0,8.5,7.23,0
Resident Evil 5,capcom,"shooter,adventure,action,horror,survival","single player,multiplayer,co-operative,splitscreen",Limited,Yes,No,Third Person,"PC, Playstation 3, Xbox 360",3,12.0,17.0,35.5,,0,0,$59.99,$5.00,$3.53,$1.69,2009-03-05,5,3,2009,Resident Evil,,8.8,7.85,5,4,1,1,1,0,1,1,1,0,1,0,0,0,7.880000000000001,8.668000000000001,0,7.699408284023669,7.367455621301775,0
S.T.A.L.K.E.R.: Call of Pripyat,gsc game world,"shooter,rpg,adventure,action,horror,survival,stealth,science fiction,sandbox","single player,multiplayer",Yes,Yes,Yes,First Person,"Nintendo Switch, PC, Playstation 4, Xbox One",4,15.0,24.0,32.0,25.0,1,0,$49.99,$3.33,$2.08,$1.56,2009-10-02,2,10,2009,S.T.A.L.K.E.R.,0.6,8.1,7.7,9,2,1,1,1,1,1,1,0,1,0,0,0,0,7.8,7.49,0,7.8,7.49,0
Call of Duty: Modern Warfare 2,infinity ward,"shooter,simulator,action,stealth,warfare","single player,multiplayer,co-operative,splitscreen",No,Yes,No,First Person,"Mac, PC, Playstation 3, Xbox 360",4,6.5,10.5,31.0,8.75,1,0,$59.99,$9.23,$5.71,$1.94,2009-11-10,10,11,2009,Call of Duty,0.7428571429,9.45,8.48,5,4,1,0,1,0,0,1,1,1,0,0,0,0,8.97,8.218,0,9.183333333333332,8.56,0
Silient Hill: Shattered Memories,climax studios,"adventure,horror,survival",single player,Limited,Yes,No,Third Person,"Playstation 2/Portable, Wii",3,7.0,7.5,11.0,,0,1,$39.99,$5.71,$5.33,$3.64,2009-12-08,8,12,2009,Silent Hill,,8.25,7.33,3,1,0,1,0,0,1,0,0,0,1,0,0,0,8.066666666666668,8.06,0,7.699408284023669,7.367455621301775,0
Mass Effect 2,"bioware,bioware edmonton","shooter,rpg,action,science fictiion,adventure",single player,Yes,Yes,No,Third Person,"PC, Playstation 3, Xbox 360",3,24.5,35.5,50.0,,0,1,$59.99,$2.45,$1.69,$1.20,2010-01-26,26,1,2010,Mass Effect,,9.55,8.63,5,1,1,1,1,1,0,0,0,0,1,0,0,0,9.25,8.8,0,9.25,8.8,0
Alien vs Predator,rebellion developments,"shooter,action,science fiction,horror,survival","single player,multiplayer,co-operative",Limited,No,No,First Person,"PC, Playstation 3, Xbox 360",3,8.0,12.0,24.0,,0,1,$59.99,$7.50,$5.00,$2.50,2010-02-16,16,2,2010,Aliens versus Predator,,7.45,7.43,5,3,1,0,1,0,1,1,1,1,0,0,0,0,7.699408284023669,7.367455621301775,1,7.699408284023669,7.367455621301775,0
Heavy Rain,quantic dream,"adventure,action,thriller,drama,mystery",single player,No,No,No,"First Person, Third Person","PC, Playstation 3/4",3,10.0,12.0,22.0,,0,1,$59.99,$6.00,$5.00,$2.73,2010-02-18,18,2,2010,,,8.85,8.55,5,1,1,1,0,0,0,0,0,1,1,0,0,0,7.699408284023669,7.367455621301775,1,7.699408284023669,7.367455621301775,0
Red Dead Redemption,"rockstar north,rockstar san diego","shooter,rpg,adventure,action","single player,multiplayer",Yes,No,Yes,Third Person,"Playstation 3, Xbox 360",2,17.5,26.0,46.0,41.0,1,1,$59.99,$3.43,$2.31,$1.30,2010-05-18,18,5,2010,Red Dead Redemption,0.4268292683,9.6,9.05,4,2,1,1,1,1,0,1,0,0,1,0,0,0,7.699408284023669,7.367455621301775,1,9.75,8.755,0
Crackdown 2,ruffian games,"shooter,adventure,action,sandbox,science fiction","single player,multiplayer,co-operative",No,Yes,Yes,Thrid Person,Xbox 360,1,7.5,14.5,29.0,16.0,1,0,$59.99,$8.00,$4.14,$2.07,2010-07-06,6,7,2010,Crackdown,0.46875,7.25,6.53,5,3,1,1,1,0,0,1,1,0,0,0,0,0,8.15,7.4,0,7.699408284023669,7.367455621301775,0
Mafia II,"2k czech,massive bear studios","shooter,racing,adventure,action,stealth,sandbox,historical,fantasy",single player,Yes,Yes,Yes,Third Person,"PC, Playstation 3, Xbox 360",3,12.0,16.5,31.5,10.0,1,0,$59.99,$5.00,$3.64,$1.90,2010-08-24,24,8,2010,Mafia,1.2,7.2,8.48,8,1,1,1,1,0,0,0,0,0,1,0,0,0,7.9,8.58,0,7.699408284023669,7.367455621301775,0
Metroid: Other M,"d-rockets,team ninja","shooter,platform,action,adventure,science fiction",single player,No,Yes,No,"First Person, Third Person","Wii, Wii U",2,9.5,11.0,13.0,,0,1,$49.99,$5.26,$4.54,$3.85,2010-08-31,31,8,2010,Metroid,,8.2,6.28,5,1,1,1,1,0,0,0,0,1,1,0,0,0,7.699408284023669,7.367455621301775,1,7.699408284023669,7.367455621301775,0
Fallout: New Vegas,obsidian entertainment,"shooter,rpg,acrtion,science fiction,survival,stealth,sandbox",single player,Yes,Yes,Yes,"First Person, Third Person","PC, Playstation 3, Xbox 360",3,27.0,60.0,131.0,45.0,1,1,$59.99,$2.22,$1.00,$0.46,2010-10-19,19,10,2010,Fallout,0.6,8.45,9.05,7,1,0,0,1,1,1,0,0,1,1,0,0,0,8.459999999999999,7.831999999999999,0,7.699408284023669,7.367455621301775,0
Call of Duty: Black Ops,treyarch,"shooter,action,historical,warfare,horror,survival,stealth","single player,multiplayer,co-operative,splitscreen",Limited,Yes,No,First Person,"Mac, PC, Playstaion 3, Xbox 360",4,7.0,13.0,18.0,,0,1,$59.99,$8.57,$4.61,$3.33,2010-11-09,9,11,2010,Call of Duty,,8.6,8.13,7,4,1,0,1,0,1,1,1,1,0,0,0,0,9.049999999999999,8.261666666666667,0,8.65,7.705,0
The Witcher 2: Assassins of Kings,cd projekt red,"rpg,adventure,action,fantasy",single player,Limited,Yes,No,Third Person,"PC, Xbox 360",2,24.0,34.5,56.5,,0,1,$29.99,$1.25,$0.87,$0.53,2011-05-17,17,5,2011,The Witcher,,8.9,8.6,4,1,1,1,0,1,0,0,0,0,1,0,0,0,7.699408284023669,7.367455621301775,1,7.699408284023669,7.367455621301775,0
Duke Nukem Forever,"triptych games,gearbox software,3d realms,piranha games,aspyr media","shooter,adventure,action,science fiction,comedy","single player,multiplayer",No,Yes,No,"First Person, Third Person","Mac, PC, Playstation 3, Xbox 360",4,9.0,12.5,22.0,,0,1,$59.99,$6.67,$4.80,$2.73,2011-06-10,10,6,2011,Duke Nukem,,5.2,5.43,5,2,1,1,1,0,0,1,0,1,1,0,0,0,7.699408284023669,7.367455621301775,1,7.699408284023669,7.367455621301775,0
Dead Island,techland,"shooter,hack and slash/beat 'em up,action,horror,survival","single player,multiplayer,co-operative",Limited,No,Yes,First Person,"PC, Playstation 3, Xbox 360",3,18.5,28.0,48.5,10.0,1,1,$59.99,$3.24,$2.14,$1.24,2011-09-06,6,9,2011,Dead Island,1.85,7.55,7.55,5,3,1,0,1,0,1,1,1,1,0,0,0,0,7.699408284023669,7.367455621301775,1,7.699408284023669,7.367455621301775,0
Dark Souls,fromsoftware,"rpg,adventure,action,fantasy","single player,multiplayer,co-operative",Yes,No,No,Third Person,"PC, Playstation 3, Xbox 360",3,41.5,60.0,105.0,,0,1,$59.99,$1.45,$1.00,$0.57,2011-09-22,22,9,2011,Dark Souls,,8.95,8.83,4,3,1,1,0,1,0,1,1,0,1,0,0,0,7.699408284023669,7.367455621301775,1,7.699408284023669,7.367455621301775,0
Call of Duty: Modern Warfare 3,"sledgehammer games,infinity ward","shooter,simulator,action,stealth,warfare","single player,multiplayer,co-operative,splitscreen",No,Yes,No,First Person,"Mac, PC, Playstation 3, Xbox 360",4,6.0,10.0,39.0,8.75,1,0,$59.99,$10.00,$6.00,$1.54,2011-10-08,8,10,2011,Call of Duty,0.6857142857,8.9,7.23,5,4,1,0,1,0,0,1,1,1,0,0,0,0,8.985714285714286,8.242857142857144,0,9.25,8.54,0
Batman: Arkham City,rocksteady studios,"hack and slash/beat 'em up,adventure,superhero,action,stealth",single player,No,No,Yes,Third Person,"PC, Playstation 3, Xbox 360",3,12.5,21.5,45.5,0.172,1,1,$59.99,$4.80,$2.79,$1.32,2011-10-18,18,10,2011,Batman,72.6744186,9.45,9.23,5,1,1,1,0,0,0,0,0,0,1,0,0,0,7.699408284023669,7.367455621301775,1,7.699408284023669,7.367455621301775,0
The Elder Scrolls V: Skyrim,bethesda game studios,"rpg,adventure,action,fantasy,stealth,sandbox",single player,Yes,Yes,Yes,"First Person, Third Person","PC, Playstation 3, Xbox 360",3,35.0,110.0,237.0,37.0,1,1,$59.99,$1.71,$0.55,$0.25,2011-11-10,10,11,2011,The Elder Scrolls,0.9459459459,9.55,9.18,6,1,1,1,0,1,0,0,0,1,1,0,0,0,7.616666666666667,7.56,0,8.8875,8.540000000000001,0
Saints Row: The Third,volition,"shooter,racing,adventure,action,comedy,sandbox","single player,multiplayer,co-operative",Yes,No,Yes,"Third Person, Side view","Linux, PC, Playstation 3, Xbox 360",4,15.5,27.5,45.0,5.69,1,1,$59.99,$3.87,$2.18,$1.33,2011-11-15,15,11,2011,Saints Row,2.724077329,8.45,8.1,6,3,1,1,1,0,0,1,1,0,1,0,0,1,7.699408284023669,7.367455621301775,1,7.699408284023669,7.367455621301775,0
Postal III,akella,"shooter,action,comedy",single player,No,Yes,No,First Person,PC,1,5.5,6.5,11.0,,0,1,$39.99,$7.27,$6.15,$3.64,2011-11-23,23,11,2011,Postal,,3.95,3.45,3,1,1,0,1,0,0,0,0,1,0,0,0,0,4.025,7.725,0,7.699408284023669,7.367455621301775,0
Mass Effect 3,"bioware,bioware edmonton","shooter,rpg,action,science fictiion,adventure",single player,Yes,Yes,No,Third Person,"PC, Playstation 3, Xbox 360",3,24.5,36.0,50.5,,0,0,$59.99,$2.45,$1.67,$1.19,2012-03-06,6,3,2012,Mass Effect,,9.4,7.75,5,1,1,1,1,1,0,0,0,0,1,0,0,0,9.4,8.715,0,9.4,8.715,0
Silent Hill: Downpour,vatra games,"adventure,horror,survival",single player,No,Yes,No,Third Person,"Playstation 3, Xbox 360",2,9.0,12.5,16.5,,0,0,$59.99,$6.67,$4.80,$3.64,2012-03-13,13,3,2012,Silent Hill,,5.45,6.75,3,1,0,1,0,0,1,0,0,0,1,0,0,0,8.092857142857143,7.9557142857142855,0,7.699408284023669,7.367455621301775,0
Max Payne 3,"rockstar new england,rockstar vancouver,rockstar london,rockstar toronto","shooter,action,thriller,sandbox","single player,multiplayer",Limited,Yes,No,Third Person,"Mac, PC, Playstaion 3, Xbox 360",4,10.0,13.0,32.0,,0,0,$59.99,$6.00,$4.61,$1.87,2012-05-15,15,5,2012,Max Payne,,8.8,8.45,4,2,1,0,1,0,0,1,0,0,1,0,0,0,9.05,8.905000000000001,0,7.699408284023669,7.367455621301775,0
Dragon's Dogma,capcom,"rpg,hack and slash/beat 'em up,action,fantasy,sandbox,historical",single player,Limited,No,Yes,Third Person,"Playstation 3, Xbox 360",2,37.0,54.5,102.0,16.0,1,1,$59.99,$1.62,$1.10,$0.59,2012-05-22,22,5,2012,Dragon's Dogma,2.3125,7.7,7.95,6,1,1,0,0,1,0,0,0,0,1,0,0,0,7.699408284023669,7.367455621301775,1,8.8,7.85,0
Resident Evil 6,capcom,"shooter,adventure,action,horror,survival,stealth","single player,multiplayer,co-operative",Limited,Yes,No,Third Person,"PC, Playstation 3, Xbox 360",3,21.0,27.0,52.0,,0,0,$59.99,$2.86,$2.22,$1.15,2012-10-02,2,10,2012,Resident Evil,,7.3,6.38,6,3,1,1,1,0,1,1,1,0,1,0,0,0,8.033333333333333,8.531666666666666,0,8.25,7.9,0
Call of Duty: Black Ops II,treyarch,"shooter,action,science fiction,warfare","single player,multiplayer,co-operative,splitscreen",Limited,Yes,No,First Person,"PC, Playstaion 3, Xbox 360",3,7.0,10.5,31.0,,0,0,$59.99,$8.57,$5.71,$1.94,2012-11-12,12,11,2012,Call of Duty,,8.8,7.65,4,4,1,0,1,0,0,1,1,1,0,0,0,0,8.975,8.11625,0,8.633333333333333,7.846666666666667,0
Far Cry 3,ubisoft montreal,"action,adventure,shooter,fps","single player,multiplayer",Yes,Yes,Yes,First Person,"PC, Playstation 3/4, Xbox 360",4,16.0,25.5,36.5,41.0,1,1,$21.04,$1.32,$0.83,$0.58,2012-11-29,29,11,2012,Far Cry,0.3902439024,8.9,8.65,4,2,1,1,1,0,0,1,0,1,0,0,0,0,8.875,7.255,0,7.699408284023669,7.367455621301775,0
Aliens: Colonial Marines,gearbox software,"shooter,action,science fiction,horror","single player,multiplayer,co-operative,splitscreen",Limited,Yes,No,First Person,"PC, Playstation 3, Wii U, Xbox 360",4,7.0,9.5,22.5,,0,1,$59.99,$8.57,$6.31,$2.67,2013-02-12,12,2,2013,Alien,,4.9,4.85,4,4,1,0,1,0,0,1,1,1,0,0,0,0,7.699408284023669,7.367455621301775,1,5.2,5.43,0
Dead Island: Riptide,techland,"shooter,hack and slash/beat 'em up,action,horror,survival,rpg","single player,multiplayer",Limited,Yes,Yes,First Person,"PC, Playstation 3, Xbox 360",3,12.0,21.0,35.5,9.0,1,0,$59.99,$5.00,$2.86,$1.69,2013-04-23,23,4,2013,Dead Island,1.333333333,6.45,6.75,6,2,1,0,1,1,1,1,0,1,0,0,0,0,7.55,7.55,0,7.55,7.55,0
Far Cry 3: Blood Dragon,unisoft montreal,"shooter,adventure,action,sandbox,stealth,science fiction,comedy",single player,Limited,Yes,Yes,First Person,"Google Stadia, PC, Playstation 3, Xbox 360",4,4.5,7.0,8.5,50.0,1,1,$59.99,$13.33,$8.57,$7.06,2013-04-30,30,4,2013,Far Cry,0.09,8.0,8.25,7,1,1,1,1,0,0,0,0,1,0,0,0,0,8.883333333333333,7.72,0,8.7,6.93,0
The Last of Us,naughty dog,"shooter,adventure,action,survival,stealth,horror","single player,multiplayer",No,No,No,Third Person,Playstation 3,1,15.5,17.5,22.5,,0,1,$59.99,$3.87,$3.43,$2.67,2013-06-14,14,6,2013,The Last of Us,,9.75,9.3,6,2,1,1,1,0,1,1,0,0,1,0,0,0,7.699408284023669,7.367455621301775,1,7.699408284023669,7.367455621301775,0
Ride to Hell: Retribution,"deep silver,eutechnyx","hack and slash/beat 'em up,action,shooter,adventure,historical",single player,No,No,Yes,First Person,"PC, Playstation 3, Xbox 360",3,9.0,10.0,17.5,,0,1,$29.99,$3.33,$3.00,$1.71,2013-06-25,25,6,2013,Ride to Hell,,0.95,2.23,5,1,1,1,1,0,0,0,0,1,0,0,0,0,7.699408284023669,7.367455621301775,1,7.699408284023669,7.367455621301775,0
Saints Row IV,"high voltage software,volition","shooter,science fic,adventure,action,comedy,sandbox","single player,multiplayer,co-operative",Yes,Yes,Yes,Third Person,"PC, Playstation 3/4, Xbox 360/One",5,15.5,24.5,36.5,10.0,1,1,$59.99,$3.87,$2.45,$1.64,2013-08-20,20,8,2013,Saints Row,1.55,7.45,7.75,6,3,1,1,1,0,0,1,1,0,1,0,0,0,8.45,8.1,0,8.45,7.665,0
Grand Theft Auto V,rockstar games,"shooter,arcade,action","single player,multiplayer,co-operative",Yes,Yes,Yes,"First Person, Third Person","PC, Playstation 4/5, Xbox One/Series XIS",5,32.0,51.0,87.5,75.84,1,1,$59.99,$1.87,$1.18,$0.69,2013-09-17,17,9,2013,Grand Theft Auto ,0.4219409283,9.85,8.48,3,3,1,0,1,0,0,1,1,1,1,0,0,0,9.675,8.605,0,9.55,9.13,0
Beyond: Two Souls,quantic dream,"adventure,action,science fiction,thriller,drama","single player,multiplayer,co-operative",No,No,No,Third Person,"PC, Playstation 3/4",3,10.5,12.5,27.5,,0,0,$59.99,$5.71,$4.80,$2.18,2013-10-08,8,10,2013,,,6.5,8.15,5,3,1,1,0,0,0,1,1,0,1,0,0,0,7.699408284023669,7.367455621301775,1,8.85,8.55,0
Assassin's Creed IV Black Flag,ubisoft montreal,"action,rpg,stealth,parkour,adventure","single player,multiplayer,co-operative",Limited,Yes,Yes,Third Person,"PC, Playstation 3/4, Xbox 360/One, Nintendo Switch, Wii U",7,23.5,41.0,63.5,233.0,1,1,$39.99,$1.70,$0.98,$0.63,2013-10-29,29,10,2013,Assassins Creed,0.1008583691,8.65,8.58,5,3,1,1,0,1,0,1,1,0,1,0,0,0,7.699408284023669,7.367455621301775,1,8.9,8.65,0
Call of Duty: Ghosts,"neversoft entertainment,infinity ward,raven software,treyarch","shooter,action,science fiction,thriller,survival,stealth,warfare","single player,multiplayer,co-operative",Limited,Yes,No,First Person,"PC, Playstation 3/4, Wii U, Xbox 360/One",6,6.0,8.5,12.5,,0,0,$59.99,$10.00,$7.06,$4.80,2013-11-05,5,11,2013,Call of Duty,,8.3,5.9,7,3,1,0,1,0,1,1,1,1,0,0,0,0,8.955555555555556,8.064444444444444,0,8.9275,8.03775,0
Dark Souls II,fromsoftware,"rpg,adventure,action,fantasy","single player,multiplayer,co-operative",Yes,Yes,No,Third Person,"PC, Playstation 3, Xbox 360",3,35.5,61.0,102.0,,0,0,$59.99,$1.69,$0.98,$0.59,2014-03-11,11,3,2014,Dark Souls,,9.05,8.15,4,3,1,1,0,1,0,1,1,0,1,0,0,0,8.95,8.83,0,8.95,8.83,0
The Elder Scrolls Online,zenimax online studios,"rpg,adventure,action,fantasy","single player,multiplayer,co-operative,massively multiplayer online(mmo)",Limited,Yes,Yes,"First Person, Third Person","Mac, PC, Playstation 4/5, Xbox One/Seires XIS",6,50.0,50.0,300.0,400.0,1,0,$59.99,$1.20,$1.20,$0.20,2014-04-04,4,4,2014,The Elder Scrolls,0.125,7.55,7.33,4,4,1,1,0,1,0,1,1,1,1,0,0,0,7.892857142857143,7.791428571428571,0,7.699408284023669,7.367455621301775,0
Watch Dogs,ubisoft montreal,"shooter,adventure,action,science fiction,stealth,sandbox","single player,multiplayer,co-operative",Yes,No,Yes,Third Person,"PC, Playstation3/4, Wii U, Xbox 360/One",6,19.5,33.0,62.5,23.76,1,1,$19.99,$1.03,$0.61,$0.32,2014-05-26,26,5,2014,Watch Dogs,0.8207070707,8.2,7.35,6,3,1,1,1,0,0,1,1,0,1,0,0,0,7.699408284023669,7.367455621301775,1,8.775,8.615,0
Call of Duty: Advanced Warfare,sledgehammer games,"shooter,action,science fiction,warfare","single player,multiplayer,co-operative,splitscreen",Limited,Yes,No,First Person,"PC, Playstation 3/4, Xbox 360/One",5,7.0,10.5,18.0,,0,1,$59.99,$8.57,$5.71,$3.33,2014-11-03,3,11,2014,Call of Duty,,8.6,6.55,4,4,1,0,1,0,0,1,1,1,0,0,0,0,8.89,7.848000000000001,0,8.9,7.23,0
Assassins Creed Rogue,ubisoft sofia,"action,rpg,stealth,parkour","single player,multiplayer",Limited,Yes,Yes,Third Person,"PC, Playstation 3, Xbox 360",3,10.5,22.5,40.0,70.0,1,0,$29.99,$2.86,$1.33,$0.75,2014-11-11,11,11,2014,Assassins Creed,0.15,7.0,7.28,4,2,1,0,0,1,0,1,0,0,1,0,0,0,8.65,8.58,0,7.699408284023669,7.367455621301775,0
Sonic Boom: Rise of Lyric,big red button,"platform,adventure,action","single player,multiplayer",No,Yes,No,Third Person,Wii U,1,7.5,14.5,19.5,,0,1,$39.99,$5.33,$2.76,$2.05,2014-11-11,11,11,2014,Sonic Boom,,3.75,3.5,3,2,1,1,0,0,0,1,0,0,1,0,0,0,7.699408284023669,7.367455621301775,1,7.699408284023669,7.367455621301775,0
Assassin's Creed Unity,ubisoft montreal,"action,rpg,stealth,parkour,historical","single player,multiplayer,co-operative",No,Yes,Yes,Third Person,"PC, Playstation 4, Xbox One",3,17.0,35.0,80.0,2.4,1,0,$59.99,$3.53,$1.71,$0.75,2014-11-11,11,11,2014,Assassins Creed,7.083333333,7.5,6.78,5,3,1,0,0,1,0,1,1,0,1,0,0,0,7.825,7.93,0,8.583333333333334,8.193333333333333,0
Sonic Boom: Shattered Crystal,sanzaru games,"platform,action","single player,multiplayer",No,Yes,No,Third Person,Nintendo 3DS,1,10.0,11.5,16.0,,0,0,$39.99,$4.00,$3.48,$2.50,2014-11-11,11,11,2014,Sonic Boom,,4.35,5.38,2,2,1,0,0,0,0,1,0,0,1,0,0,0,3.75,3.5,0,7.699408284023669,7.367455621301775,0
Far Cry 4,ubisoft montreal,"action,adventure,shooter,fps","single player,multiplayer",Limited,Yes,Yes,First Person,"PC, Playstation 3/4, Xbox 360/One",5,18.0,31.0,47.0,41.0,1,0,$29.99,$1.67,$0.97,$0.64,2014-11-18,18,11,2014,Far Cry,0.4390243902,8.5,8.08,4,2,1,1,1,0,0,1,0,1,0,0,0,0,8.6625,7.8525,0,8.3125,7.84,0
Dying Light,techland,"shooter,rpg,adventure,action,horror,survival,stealth","single player,multiplayer,co-operative",Yes,No,Yes,First Person,"Linux, Mac, PC, Playstation 4, Xbox One",5,18.0,36.0,64.0,4.9,1,1,$59.99,$3.33,$1.67,$0.94,2015-01-26,26,1,2015,Dying Light,3.673469388,7.95,8.3,7,3,1,1,1,1,1,1,1,1,0,0,0,0,7.699408284023669,7.367455621301775,1,7.0,7.15,0
The Witcher 3: Wild Hunt,cd projekt red,"rpg,adventure,action,fantasy",single player,Yes,No,Yes,Third Person,"Nintendo Switch, PC, Playstation 4/5, Xbox One/Series XIS",6,51.5,103.0,175.0,142.0,1,1,$59.99,$1.16,$0.58,$0.34,2015-05-19,19,5,2015,The Witcher,0.3626760563,9.25,9.53,4,1,1,1,0,1,0,0,0,0,1,0,0,0,8.9,8.6,0,8.9,8.6,0
Assassin's Creed Syndicate,ubisoft québec,"action,rpg,stealth,parkour,historical",single player,No,Yes,Yes,Third Person,"PC, Playstation 4, Xbox One",3,19.0,33.5,55.5,3.7,1,0,$59.99,$3.16,$1.79,$1.08,2015-10-23,23,10,2015,Assassins Creed,5.135135135,7.9,7.23,5,1,1,0,0,1,0,0,0,0,1,0,0,0,7.716666666666666,7.546666666666667,0,7.699408284023669,7.367455621301775,0
Call of Duty: Black Ops III,treyarch,"shooter,adventure,action,science fiction,warfare","single player,multiplayer,co-operative,splitscreen",Limited,Yes,No,First Person,"Mac, PC, Playstation 4, Xbox One",4,9.0,15.0,84.0,,0,0,$59.99,$6.67,$4.00,$0.71,2015-11-06,6,11,2015,Call of Duty,,8.65,7.05,5,4,1,1,1,0,0,1,1,1,0,0,0,0,8.863636363636363,7.73,0,8.6,7.418000000000001,0
Fallout 4,bethesda game studios,"shooter,rpg,acrtion,science fiction,survival,stealth,sandbox",single player,Yes,Yes,Yes,"First Person, Third Person","PC, Playstation 4/5, Xbox One/Series XIS",5,27.5,83.0,160.0,43.0,1,0,$59.99,$2.18,$0.72,$0.37,2015-11-09,9,11,2015,Fallout,0.6395348837,9.1,8.13,7,1,0,0,1,1,1,0,0,1,1,0,0,0,8.458333333333334,8.035,0,9.02,8.668000000000001,0
Dying Light: The Following,techland,"shooter,rpg,adventure,action,horror,survival","single player,multiplayer,co-operative",Yes,Yes,Yes,First Person,"PC, Playstation 4, Xbox One",3,9.0,13.5,20.0,8.5,1,0,$19.99,$2.22,$1.48,$1.00,2016-02-06,6,2,2016,Dying Light,1.058823529,8.35,7.75,6,3,1,1,1,1,1,1,1,1,0,0,0,0,7.95,8.3,0,7.316666666666666,7.533333333333334,0
Far Cry Primal,ubisoft montreal,"action,adventure,fps",single player,Limited,Yes,Yes,First Person,"PC, Playstation 4, Xbox One",3,15.0,23.5,36.5,31.0,1,1,$29.99,$2.00,$1.28,$0.82,2016-02-23,23,2,2016,Far Cry,0.4838709677,7.75,7.55,3,1,1,1,0,0,0,0,0,1,0,0,0,0,8.629999999999999,7.898000000000001,0,8.35,7.888,0
Dark Souls III,fromsoftware,"rpg,adventure,action,fantasy","single player,multiplayer,co-operative",Yes,Yes,No,Third Person,"PC, Playstation 4, Xbox One",3,31.5,48.0,101.0,,0,0,$59.99,$1.90,$1.25,$0.59,2016-03-24,24,3,2016,Dark Souls,,9.2,8.9,4,3,1,1,0,1,0,1,1,0,1,0,0,0,9.0,8.49,0,9.0,8.49,0
Uncharted 4: A Thief's End,naughty dog,"shooter,adventure,action,fantasy,historical,stealth","single player,multiplayer",No,Yes,No,Third Person,Playstation 4,1,15.0,18.0,31.5,,0,0,$59.99,$4.00,$3.33,$1.90,2016-05-10,10,5,2016,Uncharted,,9.15,9.05,6,2,1,1,1,0,0,1,0,0,1,0,0,0,7.699408284023669,7.367455621301775,1,9.75,9.3,0
Homefront: The Revolution,deep silver dambuster studios,"shooter,adventure,action,warfare","single player,multiplayer,co-operative",No,Yes,Yes,First Person,"PC, Playstation 4, Xbox One",3,12.0,19.0,32.0,9.0,1,0,$59.99,$5.00,$3.16,$1.87,2016-05-17,17,5,2016,Homefront,1.333333333,5.2,5.48,4,3,1,1,1,0,0,1,1,1,0,0,0,0,7.699408284023669,7.367455621301775,1,7.699408284023669,7.367455621301775,0
Sonic Boom: Fire & Ice,sanzaru games,"platform,adventure,action","single player,multiplayer",No,Yes,No,Side view,Nintendo 3DS,1,4.5,8.0,16.0,,0,0,$39.99,$8.89,$5.00,$2.50,2016-09-27,27,9,2016,Sonic Boom,,6.85,5.75,3,2,1,1,0,0,0,1,0,0,0,0,0,1,4.05,4.4399999999999995,0,4.35,5.38,0
Mafia III,hangar 13,"shooter,racing,adventure,action,drama",single player,Yes,Yes,Yes,Third Person,"Mac, PC, Playsyation 4, Xbox One",4,22.5,35.0,51.0,20.0,1,0,$59.99,$2.67,$1.71,$1.18,2016-10-07,7,10,2016,Mafia,1.125,7.15,6.28,5,1,1,1,1,0,0,0,0,0,1,0,0,0,7.550000000000001,8.530000000000001,0,7.699408284023669,7.367455621301775,0
Call of Duty: Infinite Warfare,infinity ward,"shooter,adventure,action,science fiction,warfare","single player,multiplayer,co-operative,splitscreen",Limited,Yes,No,Fisrt Person,"PC, Playstation 4, Xbox One",3,7.5,9.5,16.5,,0,0,$59.99,$8.00,$6.31,$3.64,2016-11-04,4,11,2016,Call of Duty,,7.7,5.98,5,4,1,1,1,0,0,1,1,0,0,0,0,0,8.845833333333333,7.673333333333333,0,9.033333333333333,7.881666666666667,0
Watch Dogs 2,ubisoft montreal,"shooter,adventure,action,science fiction,stealth,sandbox","single player,multiplayer,co-operative",Yes,Yes,Yes,Third Person,"PC, Playstation 4, Xbox One",3,19.5,31.5,46.5,56.94,1,1,$49.99,$2.56,$1.59,$1.08,2016-11-15,15,11,2016,Watch Dogs,0.3424657534,8.35,7.93,6,3,1,1,1,0,0,1,1,0,1,0,0,0,8.2,7.35,0,8.25,7.831666666666667,0
Resident Evil 7: Biohazard,capcom,"shooter,adventure,action,horror,survival,puzzle",single player,Limited,Yes,No,"First Person, Virtual Reality","Nintendo Switch 2, PC, Playstation 4/5, Xbox One",5,9.5,12.0,27.5,,0,1,$59.99,$6.31,$5.00,$2.18,2017-01-24,24,1,2017,Resident Evil,,8.15,8.55,6,1,1,1,1,0,1,0,0,1,0,0,1,0,7.928571428571429,8.224285714285715,0,7.933333333333334,7.3933333333333335,0
Tom Clancy's Ghost Recon: Wildlands,ubisoft paris,"shooter,tactical,adventure,action,stealth","single player,multiplayer,co-operative",No,Yes,Yes,"First Person, Third Person","PC, Playstation 4, Xbox One",3,27.0,54.0,84.5,440.0,1,1,$59.99,$2.22,$1.11,$0.71,2017-03-06,6,3,2017,Ghost Recon,0.06136363636,7.45,7.1,5,3,1,1,1,0,0,1,1,1,1,0,0,0,8.799999999999999,7.5633333333333335,0,8.774999999999999,7.43,0
Mass Effect: Andromeda,biowware montréal,"shooter,rpg,adventure,action,science fiction","single player,multiplayer,co-operative",Limited,Yes,Semi,Third Person,"PC, Playstation 4, Xbox One",3,18.5,63.0,94.0,,0,0,$59.99,$3.24,$0.95,$0.64,2017-03-21,21,3,2017,Mass Effect,,7.4,6.5,5,3,1,1,1,1,0,1,1,0,1,0,0,0,9.4,8.393333333333333,0,7.699408284023669,7.367455621301775,0
Assassin's Creed Origins,ubisoft montreal,"action,rpg,stealth,parkour","single player,multiplayer,co-operative",Limited,Yes,Yes,Third Person,"PC, Playstation 4, Xbox One",3,30.0,52.5,85.0,80.0,1,1,$59.99,$2.00,$1.14,$0.71,2017-10-27,27,10,2017,Assassins Creed,0.375,8.55,8.2,4,3,1,0,0,1,0,1,1,0,1,0,0,0,7.7625,7.4675,0,8.264285714285714,7.845714285714286,0
Call of Duty: WWII,sledgehammer games,"shooter,action,historical,warfare","single player,multiplayer,co-operative,splitscreen",Limited,Yes,No,First Person,"PC, Playstation 4, Xbox One",3,7.0,9.5,18.5,,0,0,$59.99,$8.57,$6.31,$3.24,2017-11-02,2,11,2017,Call of Duty,,7.95,6.63,4,4,1,0,1,0,0,1,1,1,0,0,0,0,8.757692307692308,7.5430769230769235,0,8.75,6.890000000000001,0
Kingdom Come: Deliverance,warhorse studios,"rpg,adventure,action,fantasy,historical,stealth",single player,Limited,No,Yes,First Person,"Nintendo Switch, PC, Playstation 4, Xbox One",4,42.5,80.5,136.0,16.0,1,1,$59.99,$1.41,$0.75,$0.44,2018-02-13,13,2,2018,Kingdom Come: Deliverance,2.65625,7.8,8.3,6,1,1,1,0,1,0,0,0,1,0,0,0,0,7.699408284023669,7.367455621301775,1,7.699408284023669,7.367455621301775,0
Metal Gear Survive,konami,"shooter,strategy,science fiction,survival,action,adventure","single player,multiplayer,co-operative",No,Yes,Yes,Third Person,"PC, Playstation 4, Xbox One",3,22.5,31.5,60.0,12.0,1,1,$39.99,$1.78,$1.27,$0.67,2018-02-20,20,2,2018,Metal Gear,1.875,6.25,3.1,6,3,1,1,1,0,1,1,1,0,1,0,0,0,7.699408284023669,7.367455621301775,1,7.699408284023669,7.367455621301775,0
Far Cry 5,ubisoft montreal,"action,adventure,shooter,fps","single player,multiplayer,co-operative",Limited,Yes,Yes,First Person,"PC, Playstation 3/4, Xbox 360/One",5,18.0,31.0,47.5,60.0,1,0,$59.99,$3.33,$1.94,$1.26,2018-03-27,27,3,2018,Far Cry,0.3,8.5,7.88,4,3,1,1,1,0,0,1,1,1,0,0,0,0,8.483333333333333,7.84,0,8.3,7.890000000000001,0
God of War(2018),sie santa monica studios,"rpg,adventure,hack and slash/beat 'em up,action,historical,fantasy",single player,No,No,No,Third Person,"PC, Playstation 4",2,20.5,33.0,51.0,,0,1,$59.99,$2.93,$1.82,$1.18,2018-04-20,20,4,2018,God of War,,9.7,9.45,6,1,1,1,0,1,0,0,0,0,1,0,0,0,9.6,8.8,0,7.699408284023669,7.367455621301775,0
Conan Exiles,funcom,"fighting,rpg,simulator,strategy,adventure,action,fantasy,survival","single player,multiplayer,co-operative,massively multiplayer online(mmo)",Yes,No,Yes,"First Person, Third Person","PC, Playstation 4, Xbox One",3,42.5,116.0,138.0,64.0,1,1,$49.99,$1.18,$0.43,$0.36,2018-05-08,8,5,2018,Conan,0.6640625,6.75,6.2,8,4,1,1,0,1,1,1,1,1,1,0,0,0,7.699408284023669,7.367455621301775,1,7.699408284023669,7.367455621301775,0
Detriot: Become Human,quantic dream,"puzzle,adventure,action,science fiction,thriller,drama,mystery",single player,No,No,No,Third Person,"PC, Playstation 4",2,12.0,16.0,32.0,,0,1,$59.99,$5.00,$3.75,$1.87,2018-05-25,25,5,2018,,,7.9,8.78,7,1,1,1,0,0,0,0,0,0,1,0,0,0,7.699408284023669,7.367455621301775,1,7.675,8.350000000000001,0
Agony,madmind studio,"shooter,adventure,indie,action,horror,survival",single player,No,No,No,First Person,"PC, Playstation 4, Xbox One, Nintendo Switch",4,7.5,10.5,14.0,,0,1,$39.99,$5.33,$3.81,$2.86,2018-05-29,29,5,2018,Agony,,4.35,5.4,6,1,1,1,1,0,1,0,0,1,0,0,0,0,7.699408284023669,7.367455621301775,1,7.699408284023669,7.367455621301775,0
Marvel's Spiderman,insomniac games,"hack and slash/beat 'em up,adventure,superhero,action,stealth",single player,Yes,No,Yes,Third Person,"PC, Playstation 4/5",3,18.0,29.5,45.0,2.0,1,1,$59.99,$3.33,$2.03,$1.33,2018-09-07,7,9,2018,Marvel's Spiderman,9.0,8.7,8.88,5,1,1,1,0,0,0,0,0,0,1,0,0,0,7.699408284023669,7.367455621301775,1,7.699408284023669,7.367455621301775,0
Call of Duty: Black Ops 4,treyarch,"shooter,action,warfare","single player,multiplayer,co-operative,splitscreen",Limited,Yes,No,First Person,"PC, Playstation 4, Xbox One",3,5.0,10.0,29.0,,0,0,$59.99,$12.00,$6.00,$2.07,2018-10-12,12,10,2018,Call of Duty,,8.4,5.6,3,4,1,0,1,0,0,1,1,1,0,0,0,0,8.7,7.477857142857142,0,8.608333333333334,7.3566666666666665,0
Red Dead Redemption 2,rockstar games,"shooter,rpg,adventure,action","single player,multiplayer,co-operative",Yes,Yes,Yes,"First Person, Third Person","PC, Playstation 4/5, Xbox One",4,50.5,84.0,189.0,75.0,1,1,$59.99,$1.19,$0.71,$0.32,2018-10-26,26,10,2018,Red Dead Redemption,0.6733333333,9.85,9.18,4,3,1,1,1,1,0,1,1,1,1,0,0,0,9.6,9.05,0,9.7,8.805,0
Agony Unrated,madmind studio,"adventure,indie,horror,survival,action,erotic",single player,No,No,No,First Person,PC,1,7.5,10.5,14.0,,0,1,$49.99,$6.67,$4.76,$3.57,2018-10-30,30,10,2018,,,4.35,5.4,6,1,1,1,0,0,1,0,0,1,0,0,0,0,7.699408284023669,7.367455621301775,1,4.35,5.4,0
The Quiet Man,human head studios,"hack and slash/beat 'em up,action",single player,No,No,No,Third Person,"PC, Playstation 4",2,3.0,5.5,6.0,,0,1,$14.99,$5.00,$2.73,$2.50,2018-11-01,1,11,2018,,,4.15,2.55,2,1,1,0,0,0,0,0,0,0,1,0,0,0,7.699408284023669,7.367455621301775,1,7.699408284023669,7.367455621301775,0
Fallout 76,bethesda game studios,"shooter,rpg,action,science fiction,survival","multiplayer,co-operative,massively multiplayer online(mmo)",Limited,Yes,Yes,"First Person, Third Person","PC, Playstation 4",2,35.5,115.0,298.0,41.4,1,0,$59.99,$1.69,$0.52,$0.20,2018-11-14,14,11,2018,Fallout,0.8574879227,6.1,5.15,5,3,1,0,1,1,1,1,1,1,1,0,0,0,8.55,8.04857142857143,0,9.033333333333333,8.578333333333333,0
Crackdown 3,sumo digital,"shooter,action,science fiction","single player,multiplayer,co-operative",No,Yes,Yes,Third Person,"PC, Xbox One",2,7.0,11.0,24.5,21.0,1,0,$59.99,$8.57,$5.45,$2.45,2019-02-15,15,2,2019,Crackdown,0.3333333333,5.5,5.68,3,3,1,0,1,0,0,1,1,0,1,0,0,0,7.7,6.965,0,7.699408284023669,7.367455621301775,0
Far Cry New Dawn,unisoft montreal,"shooter,adventure,action","single player,multiplayer,co-operative",No,Yes,Yes,First Person,"PC, Playstation 4, Xbox One",3,11.5,18.0,29.0,15.0,1,0,$39.99,$3.48,$2.22,$1.38,2019-02-15,15,2,2019,Far Cry,0.7666666667,7.3,6.23,3,3,1,1,1,0,0,1,1,1,0,0,0,0,8.485714285714286,7.845714285714286,0,8.35,7.59,0
Anthem,bioware,"shooter,rpg,adventure,action,science fiction","multiplayer,co-operative",No,No,No,Third Person,"PC, Playstation 4, Xbox One",3,14.5,28.0,56.0,,0,1,$59.99,$4.14,$2.14,$1.07,2019-02-22,22,2,2019,,,6.2,5.4,5,2,1,1,1,1,0,1,1,0,1,0,0,0,7.699408284023669,7.367455621301775,1,9.4,8.393333333333333,0
Left Alive,"square enix,liinx corporation","shooter,action,science fiction,survival,stealth,warfare",single player,No,No,No,Third Person,"PC, Playstation 4",2,12.5,20.0,38.0,,0,0,$59.99,$4.80,$3.00,$1.58,2019-02-28,28,2,2019,Front Mission,,3.75,5.13,6,1,1,0,1,0,1,0,0,0,1,0,0,0,7.699408284023669,7.367455621301775,1,7.699408284023669,7.367455621301775,0
Days Gone,bend studio,"shooter,adventure,action,horror,survival,sandbox",single player,Limited,No,Yes,Third Person,"PC, Playstation 4",2,36.5,50.5,65.5,30.0,1,0,$59.99,$1.64,$1.19,$0.92,2019-04-26,26,4,2019,Days Gone,1.216666667,6.8,8.45,6,1,1,1,1,0,1,0,0,0,1,0,0,0,7.699408284023669,7.367455621301775,1,7.699408284023669,7.367455621301775,0
Tom Clancy's Ghost Recon: Breakpoint,ubisoft paris,"shooter,tactical,adventure,action,stealth,warfare","single player,multiplayer,co-operative",No,Yes,Yes,Third Person,"Google Stadia, PC, Playstation 4/5, Xbox One/Serires XIS",6,23.0,54.5,99.5,400.0,1,0,$59.99,$2.61,$1.10,$0.60,2019-10-04,4,10,2019,Ghost Recon,0.0575,5.8,5.83,6,3,1,1,1,0,0,1,1,0,1,0,0,0,8.4625,7.4475,0,8.333333333333334,7.32,0
The Last of Us Part II,naughty dog,"shooter,adventure,action,survival,stealth,horror",single player,No,Yes,No,Third Person,Playstation 4/5,2,24.0,29.5,43.5,,0,1,$59.99,$2.50,$2.03,$1.38,2020-06-19,19,6,2020,The Last of Us,,9.65,8.18,6,1,1,1,1,0,1,0,0,0,1,0,0,0,9.75,9.3,0,9.45,9.175,0
Ghost of Tsushima,sucker punch productions,"rpg,adventure,hack and slash/beat 'em up,action,historical,stealth",single player,Limited,No,Yes,Third Person,"PC, Playstation 4/5",3,25.0,46.0,62.5,28.62,1,1,$59.99,$2.40,$1.30,$0.96,2020-07-17,17,7,2020,Ghost,0.8735150245,8.65,9.08,6,1,1,1,0,1,0,0,0,0,1,0,0,0,7.699408284023669,7.367455621301775,1,7.699408284023669,7.367455621301775,0
Mafia: Definitive Edition,hangar 13,"shooter,adventure,action,drama",single player,Limited,Yes,Yes,Third Person,"PC, Playstation 4, Xbox One",3,10.5,13.0,24.5,16.0,1,0,$39.99,$3.81,$3.08,$1.63,2020-09-24,24,9,2020,Mafia,0.65625,7.9,8.2,4,1,1,1,1,0,0,0,0,0,1,0,0,0,7.416666666666667,7.78,0,7.15,6.28,0
Watch Dogs: Legion,ubisoft toronto,"shooter,rpg,adventure,action,science fiction,stealth","single player,multiplayer,co-operative",Yes,Yes,Yes,Third Person,"PC, Playstation 4/5, Xbox One/Series XIS",5,18.0,33.0,50.0,23.76,1,1,$59.99,$3.33,$1.82,$1.20,2020-10-29,29,10,2020,Watch Dogs,0.7575757576,7.8,6.23,6,3,1,1,1,1,0,1,1,0,1,0,0,0,8.274999999999999,7.64,0,7.699408284023669,7.367455621301775,0
Assassin's Creed Valhalla,ubisoft montreal,"action,rpg,stealth,parkour",single player,No,Yes,Yes,Third Person,"PC, Playstation 4/5, Xbox One",4,61.0,99.0,149.0,120.0,1,0,$59.99,$0.98,$0.61,$0.40,2020-11-10,10,11,2020,Assassins Creed,0.5083333333,8.0,7.05,4,1,1,0,0,1,0,0,0,0,1,0,0,0,7.92,7.614,0,8.322222222222223,7.888888888888889,0
Marvel's Spider-Man: Miles Morales,insomniac games,"hack and slash/beat 'em up,adventure,superhero,action,stealth",single player,Yes,Yes,Yes,Third Person,"PC, Playstation 4/5",3,7.5,12.5,18.5,2.0,1,0,$49.99,$6.67,$4.00,$2.70,2020-11-12,12,11,2020,Marvel's Spiderman,3.75,8.75,8.2,5,1,1,1,0,0,0,0,0,0,1,0,0,0,8.7,8.88,0,8.7,8.88,0
Call of Duty: Black Ops Cold War,treyarch,"shooter,action,historical,warfare","single player,multiplayer,co-operative,splitscreen",Limited,Yes,No,First Person,PC,1,5.5,7.0,18.0,,0,0,$59.99,$10.91,$8.57,$3.33,2020-11-13,13,11,2020,Call of Duty,,7.3,7.3,4,4,1,0,1,0,0,1,1,1,0,0,0,0,8.68,7.352666666666667,0,8.57857142857143,7.105714285714286,0
Cyberpunk 2077,cd projekt red,"sci-fi,rpg,shooter,adventure",single player,Limited,No,Yes,"First Person, Third Person","PC, Playstation 4/5, Xbox One/Series XIS",5,26.0,63.0,107.0,225.0,1,1,$59.99,$2.31,$0.95,$0.56,2020-12-10,10,12,2020,Cyberpunk,0.1155555556,8.8,8.25,4,1,0,1,1,1,0,0,0,1,1,0,0,0,7.699408284023669,7.367455621301775,1,9.075,9.065,0
Resident Evil Village,"capcom development,division 1,capcom","shooter,adventure,action,horror,survival,stealth",single player,Limited,Yes,No,"First Person, Virtual Reality","Google Stadia, iOS, Mac, Nintendo Switch/Switch 2, PC, Playstation 4/5, Xbox One/Series XIS",10,10.0,13.0,38.5,,0,0,$59.99,$6.00,$4.61,$1.56,2021-05-06,6,5,2021,Resident Evil,,8.2,8.6,6,1,1,1,1,0,1,0,0,1,0,0,1,0,7.956250000000001,8.265,0,7.987500000000001,7.6825,0
Aliens: Fireteam Elite,cold iron studios,"shooter,rpg,action,science fiction","single player,multiplayer,co-operative",Limited,Yes,No,Third Person,"PC, Playstation 4/5, Xbox One/Series XIS",5,8.5,16.0,58.5,,0,0,$39.99,$4.70,$2.50,$0.68,2021-08-23,23,8,2021,,,6.95,6.88,4,3,1,0,1,1,0,1,1,0,1,0,0,0,7.699408284023669,7.367455621301775,1,7.699408284023669,7.367455621301775,0
Far Cry 6,ubisoft toronto,"action,adventure,shooter,fps","single player,multiplayer,co-operative",Limited,Yes,Yes,First Person,"PC, Playstation 4/5, Xbox One/Series XIS",5,24.5,41.5,63.5,88.0,1,0,$59.99,$2.45,$1.45,$0.94,2021-10-07,7,10,2021,Far Cry,0.2784090909,7.65,6.38,4,3,1,1,1,0,0,1,1,1,0,0,0,0,8.3375,7.64375,0,7.8,6.23,0
Call of Duty: Vanguard,sledgehammer games,"shooter,action,warfare","single player,multiplayer,co-operative,splitscreen",Limited,Yes,No,First Person,"PC, Playstation 4/5, Xbox One/Series XIS",5,6.0,9.0,28.0,,0,0,$59.99,$10.00,$6.67,$2.14,2021-11-05,5,11,2021,Call of Duty,,7.15,5.53,3,4,1,0,1,0,0,1,1,1,0,0,0,0,8.59375,7.349375,0,8.483333333333333,6.803333333333334,0
Dying Light 2: Stay Human,"techland,techland publishing","rpg,adventure,action,horror,survival","single player,multiplayer,co-operative",Limited,Yes,Yes,First Person,"PC, Playstation 4/5, Xbox One/Series XIS",5,24.5,49.0,103.0,124.0,1,0,$59.99,$2.45,$1.22,$0.58,2022-02-03,3,2,2022,Dying Light,0.1975806452,7.3,7.2,5,3,1,1,0,1,1,1,1,1,0,0,0,0,8.15,8.025,0,7.575,7.5875,0
Elden Ring,fromsoftware,"rpg,adventure,action,fanstasy","single player,multiplayer,co-operative",Limited,No,Yes,Third Person,"Nintendo Switch 2, PC, Playstation 4/5, Xbox One/Series XIS",6,60.0,101.0,135.0,79.0,1,1,$59.99,$1.00,$0.59,$0.44,2022-02-25,25,2,2022,Elden Ring,0.7594936709,9.8,9.05,4,3,1,1,0,1,0,1,1,0,1,0,0,0,7.699408284023669,7.367455621301775,1,9.066666666666666,8.626666666666667,0
Postal 4: No Regerts,running with scissors,"shooter,action,adventure,comedy,horror,sandbox",single player,No,Yes,Yes,First Person,"PC, Playstation 4/5",3,11.0,15.0,20.5,256.0,1,0,$39.99,$3.64,$2.67,$1.95,2022-04-20,20,4,2022,Postal,0.04296875,2.55,5.78,6,1,1,1,1,0,0,0,0,1,0,0,0,0,4.0,6.3,0,4.025,7.725,0
Saints Row,volition,"shooter,adventure,action","single player,multiplayer,co-operative",No,Yes,Yes,Third Person,"PC, Playstation 4/5, Xbox One/Series XIS",5,12.5,27.0,52.5,,0,1,$59.99,$4.80,$2.22,$1.14,2022-08-23,23,8,2022,Saints Row,,6.05,4.98,3,3,1,1,1,0,0,1,1,0,1,0,0,0,7.949999999999999,7.925,0,7.949999999999999,7.925,0
The Last of Us Part I,naughty dog,"shooter,adventure,action,survival,stealth,horror",single player,No,No,No,Third Person,"PC, Playstation 5",2,14.5,18.0,24.5,,0,0,$69.99,$4.83,$3.89,$2.86,2022-09-02,2,9,2022,The Last of Us,,8.95,8.98,6,1,1,1,1,0,1,0,0,0,1,0,0,0,9.7,8.74,0,9.516666666666667,8.843333333333334,0
The Callisto Protocol,striking distance studios,"shooter,adventure,action,science fiction,horror,survival",single player,No,No,No,Third Person,"PC, Playstation 4/5, Xbox One/Series XIS",5,10.0,12.0,15.5,,0,0,$69.99,$7.00,$5.83,$4.52,2022-12-02,2,12,2022,The Callisto Protocol,,6.95,6.7,6,1,1,1,1,0,1,0,0,0,1,0,0,0,7.699408284023669,7.367455621301775,1,7.699408284023669,7.367455621301775,0
Dead Island 2,deep silver dambuster studios,"shooter,rpg,hack and slash/beat 'em up,adventure,action,horror,survival,comedy","single player,multiplayer,co-operative",No,Yes,Yes,First Person,"PC, Playstation 4/5, Xbox One/Series XIS",5,16.0,26.5,38.5,,0,0,$69.99,$4.37,$2.64,$1.82,2023-04-21,21,4,2023,Dead Island,,7.15,7.13,8,3,1,1,1,1,1,1,1,1,0,0,0,0,7.0,7.15,0,5.2,5.48,0
Redfall,arkane studios,"action,adventure,co-op,fps","single player,multipllayer,co-operative",No,No,Yes,First Person,"PC, Xbox Series XIS",2,12.5,19.5,31.0,,0,0,$70.00,$5.60,$3.59,$2.26,2023-05-02,2,5,2023,,,4.8,4.28,4,3,1,1,0,0,0,0,1,1,0,0,0,0,7.699408284023669,7.367455621301775,1,7.699408284023669,7.367455621301775,0
Marvel's Spiderman 2,insomniac games,"hack and slash/beat 'em up,adventure,superhero,action,stealth",single player,Yes,Yes,Yes,Third Person,"PC, Playstation 4/5",3,17.0,23.5,28.5,12.0,1,0,$69.99,$4.12,$2.98,$2.46,2023-10-20,20,10,2023,Marvel's Spiderman,1.416666667,8.5,8.43,5,1,1,1,0,0,0,0,0,0,1,0,0,0,8.725,8.54,0,8.725,8.54,0
Dragon's Dogma II,capcom,"rpg,action,fantasy",single player,Limited,Yes,Yes,Third Person,"PC, Playstation 5, Xbox Series XIS",3,31.0,56.0,93.5,30.0,1,0,$69.99,$2.26,$1.25,$0.75,2024-03-22,22,3,2024,Dragon's Dogma,1.033333333,8.3,6.78,3,1,1,0,0,1,0,0,0,0,1,0,0,0,7.7,7.95,0,8.03,7.866,0
Black Myth: Wukong,game science,"rpg,hack and slash/beat 'em up,action,fantasy,adventure",single player,Limited,No,No,Third Person,"PC, Playstation 5, Xbox Series XIS",3,38.0,48.0,67.5,,0,1,$59.99,$1.58,$1.25,$0.89,2024-08-20,20,8,2024,Black Myth,,8.05,8.73,5,1,1,1,0,1,0,0,0,0,1,0,0,0,7.699408284023669,7.367455621301775,1,7.699408284023669,7.367455621301775,0
Call of Duty: Black Ops 6,"treyarch,raven software","shooter,action,warfare","single player,multiplayer,co-operative",Limited,Yes,No,First Person,"PC, Playstation 4/5, Xbox One/Series XIS",5,8.5,11.0,39.5,,0,0,$69.99,$8.23,$6.36,$1.77,2024-10-25,25,10,2024,Call of Duty,,8.6,6.75,3,3,1,0,1,0,0,1,1,1,0,0,0,0,8.508823529411766,7.24235294117647,0,8.359375,6.515000000000001,0
S.T.A.L.K.E.R. 2: Heart of Chornobyl,gsc game world,"shooter,rpg,adventure,action,horror,survival",single player,Yes,Yes,Yes,First Person,"PC, Playstation 5, Xbox Series XIS",3,36.0,70.0,131.0,64.0,1,0,$59.99,$1.67,$0.86,$0.46,2024-11-20,20,11,2024,S.T.A.L.K.E.R.,0.5625,7.65,7.53,6,1,1,1,1,1,1,0,0,1,0,0,0,0,7.8999999999999995,7.56,0,7.8999999999999995,7.56,0
Kingdom Come: Deliverance II,warhorse studios,"rpg,adventure,simulator,historical,action",single player,Limited,Yes,Yes,First Person,"PC, Playstation 5, Xbox Series XIS",3,54.5,96.5,140.0,20.0,1,0,$69.99,$1.28,$0.73,$0.50,2025-02-04,4,2,2025,Kingdom Come: Deliverance,2.725,8.9,9.0,5,1,1,1,0,1,0,0,0,1,0,0,0,0,7.8,8.3,0,7.8,8.3,0
Assassin's Creed Shadows,ubisoft montreal,"action,rpg,stealth,parkour,vikings",single player,No,Yes,Yes,Third Person,"PC, Playstation 4/5, Xbox One",4,34.0,63.5,95.0,125.0,1,1,$69.99,$2.06,$1.10,$0.74,2025-03-20,20,3,2025,Assassins Creed,0.272,8.1,6.88,5,1,1,0,0,1,0,0,0,0,1,0,0,0,7.933333333333334,7.52,0,8.290000000000001,7.805,0
Mindseye,build a rocket boy,"adventure,action,science fiction",single player,No,No,Yes,Third Person,"PC, Playstation 5, Xbox Series XIS",3,10.0,12.0,13.0,12.0,1,1,$59.99,$6.00,$5.00,$4.61,2025-06-10,10,6,2025,,0.8333333333,3.85,4.1,3,1,1,1,0,0,0,0,0,0,1,0,0,0,7.699408284023669,7.367455621301775,1,7.699408284023669,7.367455621301775,0
Dying Light: The Beast,techland,"rpg,adventure,action,horror,survival","single player,multiplayer,co-operative",Limited,Yes,Yes,First Person,"PC, Playstation 4/5, Xbox One/Series XIS",5,17.5,30.5,43.0,6.5,1,0,$59.99,$3.43,$1.97,$1.40,2025-09-18,18,9,2025,Dying Light,2.692307692,7.45,8.03,5,3,1,1,0,1,1,1,1,1,0,0,0,0,7.866666666666666,7.75,0,7.5200000000000005,7.510000000000001,0
Ghost of Yotei,sucker punch productions,"rpg,adventure,stealth,historical,action",single player,No,Yes,Yes,Third Person,Playstation 5,1,28.5,45.5,59.5,38.0,1,1,$69.99,$2.46,$1.54,$1.18,2025-10-02,2,10,2025,Ghost,0.75,8.8,8.58,5,1,1,1,0,1,0,0,0,0,1,0,0,0,8.65,9.08,0,8.65,9.08,0
God of War Ragnarök,sie santa monica studios,"rpg,adventure,hack and slash/beat 'em up,action,historical,fantasy",single player,No,Yes,Yes,Third Person,"PC, Playstation 4/5",3,26.5,33.5,50.5,,0,0,$59.99,$2.26,$1.79,$1.19,2025-11-09,9,11,2025,God of War,,9.7,9.03,6,1,1,1,0,1,0,0,0,0,1,0,0,0,9.649999999999999,9.125,0,9.7,9.45,0
Call of Duty: Black Ops 7,"treyarch,raven software","shooter,action,science fiction,warfare","single player,multiplayer,co-operative",Limited,Yes,No,First Person,"PC, Playstation 4/5, Xbox One/Series XIS",5,5.0,9.0,22.5,,0,0,$69.99,$14.00,$7.78,$3.11,2025-11-14,14,11,2025,Call of Duty,,6.25,3.33,4,3,1,0,1,0,0,1,1,1,0,0,0,0,8.51388888888889,7.215,0,8.444444444444445,6.706388888888888,0
