Name,Studio,Genre,Modes,Modding Support,Spinoff/Sequel,Open World,Player Persepective,Platforms,Platform Count,Story Hours,Extra Hours,Completionist,Map Size(sqkm),has_map_size,unique_factor,Launch Price,price_per_story_hour,price_per_extra_hour,price_per_completionist_hour,Release Date,Day,Month,Year,Franchise,content_density,critics_rating,user_rating
Red Dead Redemption 2,Rockstar Games,"Shooter, RPG, Adventure, Action","Single player, Multiplayer, Co-operative",Yes,Yes,Yes,"First Person, Third Person","PC, Playstation 4/5, Xbox One",4,50.5,84,189,75,1,1,$59.99,$1.19,$0.71,$0.32,26/10/2018,26,10,2018,Red Dead Redemption,0.6733333333,9.85,9.18
Grand Theft Auto V,Rockstar Games,"Shooter, Arcade, Action","Single player, Multiplayer, Co-operative",Yes,Yes,Yes,"First Person, Third Person","PC, Playstation 4/5, Xbox One/Series XIS",5,32,51,87.5,75.84,1,1,$59.99,$1.87,$1.18,$0.69,17/09/2013,17,9,2013,Grand Theft Auto ,0.4219409283,9.85,8.48
Assassin's Creed Origins,Ubisoft Montreal,"Action, RPG, Stealth, Parkour","Single player, Multiplayer, Co-operative",Limited,Yes,Yes,Third Person,"PC, Playstation 4, Xbox One",3,30,52.5,85,80,1,1,$59.99,$2.00,$1.14,$0.71,27/10/2017,27,10,2017,Assassins Creed,0.375,8.55,8.20
Far Cry 3,Ubisoft Montreal,"Action, Adventure, Shooter, FPS","Single player, Multiplayer",Yes,Yes,Yes,First Person,"PC, Playstation 3/4, Xbox 360",4,16,25.5,36.5,41,1,1,$21.04,$1.32,$0.83,$0.58,29/11/2012,29,11,2012,Far Cry,0.3902439024,8.90,8.65
Assassin's Creed Valhalla,Ubisoft Montreal,"Action, RPG, Stealth, Parkour",Single Player,No,Yes,Yes,Third Person,"PC, Playstation 4/5, Xbox One",4,61,99,149,120,1,0,$59.99,$0.98,$0.61,$0.40,10/11/2020,10,11,2020,Assassins Creed,0.5083333333,8.00,7.05
Assassin's Creed Shadows,Ubisoft Montreal,"Action, RPG, Stealth, Parkour, Vikings",Single Player,No,Yes,Yes,Third Person,"PC, Playstation 4/5, Xbox One",4,34,63.5,95,125,1,1,$69.99,$2.06,$1.10,$0.74,20/03/2025,20,3,2025,Assassins Creed,0.272,8.10,6.88
Redfall,Arkane Studios,"Action, Adventure, Co-op, FPS","Single Player, Multipllayer, Co-operative",No,No,Yes,First Person,"PC, Xbox Series XIS",2,12.5,19.5,31,NA,0,0,$70.00,$5.60,$3.59,$2.26,2/5/2023,2,5,2023,NA,NA,4.80,4.28
Grand Theft Auto San Andreas,Rockstar Games,"Shooter, Racing, Action","Single player, Multiplayer, Co-operative",Yes,Yes,Yes,Third Person,"PC, Playstation 2/3/4, Xbox/360",6,30,45,72.5,38.2,1,1,$49.99,$1.67,$1.11,$0.69,26/10/2004,26,10,2004,Grand Theft Auto ,0.7853403141,9.55,9.13
Assassin's Creed IV Black Flag,Ubisoft Montreal,"Action, RPG, Stealth, Parkour, Adventure","Single player, Multiplayer, Co-operative",Limited,Yes,Yes,Third Person,"PC, Playstation 3/4, Xbox 360/One, Nintendo Switch, Wii U",7,23.5,41,63.5,233,1,1,$39.99,$1.70,$0.98,$0.63,29/10/2013,29,10,2013,Assassins Creed,0.1008583691,8.65,8.58
Far Cry Primal,Ubisoft Montreal,"Action, Adventure, FPS",Single player,Limited,Yes,Yes,First Person,"PC, Playstation 4, Xbox One",3,15,23.5,36.5,31,1,1,$29.99,$2.00,$1.28,$0.82,23/02/2016,23,2,2016,Far Cry,0.4838709677,7.75,7.55
Cyberpunk 2077,CD Projekt Red,"Sci-fi, RPG, Shooter, Adventure",Single player,Limited,No,Yes,"First Person, Third Person","PC, Playstation 4/5, Xbox One/Series XIS",5,26,63,107,225,1,1,$59.99,$2.31,$0.95,$0.56,10/12/2020,10,12,2020,Cyberpunk,0.1155555556,8.80,8.25
Ghost of Tsushima,Sucker Punch Productions,"RPG, Adventure, Hack and slash/Beat 'em up, Action, Historical, Stealth",Single player,Limited,No,Yes,Third Person,"PC, Playstation 4/5",3,25,46,62.5,28.62,1,1,$59.99,$2.40,$1.30,$0.96,17/07/2020,17,7,2020,Ghost,0.8735150245,8.65,9.08
Marvel's Spiderman,Insomniac Games,"Hack and slash/Beat 'em up, Adventure, Superhero, Action, Stealth",Single player,Yes,No,Yes,Third Person,"PC, Playstation 4/5",3,18,29.5,45,2,1,1,$59.99,$3.33,$2.03,$1.33,7/9/2018,7,9,2018,Marvel's Spiderman,9,8.70,8.88
Far Cry 4,Ubisoft Montreal,"Action, Adventure, Shooter, FPS","Single player, Multiplayer",Limited,Yes,Yes,First Person,"PC, Playstation 3/4, Xbox 360/One",5,18,31,47,41,1,0,$29.99,$1.67,$0.97,$0.64,18/11/2014,18,11,2014,Far Cry,0.4390243902,8.50,8.08
Far Cry 5,Ubisoft Montreal,"Action, Adventure, Shooter, FPS","Single player, Multiplayer, Co-operative",Limited,Yes,Yes,First Person,"PC, Playstation 3/4, Xbox 360/One",5,18,31,47.5,60,1,0,$59.99,$3.33,$1.94,$1.26,27/03/2018,27,3,2018,Far Cry,0.3,8.50,7.88
Assassins Creed Rogue,Ubisoft Sofia,"Action, RPG, Stealth, Parkour","Single player, Multiplayer",Limited,Yes,Yes,Third Person,"PC, Playstation 3, Xbox 360",3,10.5,22.5,40,70,1,0,$29.99,$2.86,$1.33,$0.75,11/11/2014,11,11,2014,Assassins Creed,0.15,7.00,7.28
Grand Theft Auto IV,Rockstar North,"Shooter, Arcade, Action","Single player, Multiplayer",Yes,Yes,Yes,Third Person,"PC, Playstation 3, Xbox 360",3,27,40.5,74,16.14,1,1,$19.99,$0.74,$0.49,$0.27,29/04/2008,29,4,2008,Grand Theft Auto ,1.672862454,9.90,8.63
Grand Theft Auto Vice City,Rockstar North,"Shooter, Arcade, Action",Single player,Yes,Yes,Yes,Third Person,"PC, Playstation 2, Xbox",3,17,24.5,38,9.11,1,1,$4.81,$0.28,$0.20,$0.13,27/10/2002,27,10,2002,Grand Theft Auto ,1.866081229,9.60,8.88
Far Cry 6,Ubisoft Toronto,"Action, Adventure, Shooter, FPS","Single player, Multiplayer, Co-operative",Limited,Yes,Yes,First Person,"PC, Playstation 4/5, Xbox One/Series XIS",5,24.5,41.5,63.5,88,1,0,$59.99,$2.45,$1.45,$0.94,7/10/2021,7,10,2021,Far Cry,0.2784090909,7.65,6.38
Red Dead Redemption,"Rockstar North, Rockstar San Diego","Shooter, RPG, Adventure, Action","Single player, Multiplayer",Yes,No,Yes,Third Person,"Playstation 3, Xbox 360",2,17.5,26,46,41,1,1,$59.99,$3.43,$2.31,$1.30,18/05/2010,18,5,2010,Red Dead Redemption,0.4268292683,9.60,9.05
Call of Duty 4: Modern Warfare,Infinity Ward,"Shooter, Simulator, Action, Stealth, Warfare","Single player, Multiplayer, Co-operative, Splitscreen",No,Yes,No,First Person,"Mac, PC, Playstation 3, Xbox 360",4,7,9.5,16.5,8.75,1,1,$19.99,$2.86,$2.10,$1.21,05/11/2007,5,11,2007,Call of Duty,0.8,9.40,8.73
Call of Duty: Modern Warfare 2,Infinity Ward,"Shooter, Simulator, Action, Stealth, Warfare","Single player, Multiplayer, Co-operative, Splitscreen",No,Yes,No,First Person,"Mac, PC, Playstation 3, Xbox 360",4,6.5,10.5,31,8.75,1,0,$59.99,$9.23,$5.71,$1.94,10/11/2009,10,11,2009,Call of Duty,0.7428571429,9.45,8.48
Call of Duty: Modern Warfare 3,"Sledgehammer Games, Infinity Ward","Shooter, Simulator, Action, Stealth, Warfare","Single player, Multiplayer, Co-operative, Splitscreen",No,Yes,No,First Person,"Mac, PC, Playstation 3, Xbox 360",4,6,10,39,8.75,1,0,$59.99,$10.00,$6.00,$1.54,8/10/2011,8,10,2011,Call of Duty,0.6857142857,8.90,7.23
Watch Dogs,Ubisoft Montreal,"Shooter, Adventure, Action, Science Fiction, Stealth, Sandbox","Single player, Multiplayer, Co-operative",Yes,No,Yes,Third Person,"PC, Playstation3/4, Wii U, Xbox 360/One",6,19.5,33,62.5,23.76,1,1,$19.99,$1.03,$0.61,$0.32,26/05/2014,26,5,2014,Watch Dogs,0.8207070707,8.20,7.35
Watch Dogs 2,Ubisoft Montreal,"Shooter, Adventure, Action, Science Fiction, Stealth, Sandbox","Single player, Multiplayer, Co-operative",Yes,Yes,Yes,Third Person,"PC, Playstation 4, Xbox One",3,19.5,31.5,46.5,56.94,1,1,$49.99,$2.56,$1.59,$1.08,15/11/2016,15,11,2016,Watch Dogs,0.3424657534,8.35,7.93
Watch Dogs: Legion,Ubisoft Toronto,"Shooter, RPG, Adventure, Action, Science Fiction, Stealth","Single player, Multiplayer, Co-operative",Yes,Yes,Yes,Third Person,"PC, Playstation 4/5, Xbox One/Series XIS",5,18,33,50,23.76,1,1,$59.99,$3.33,$1.82,$1.20,29/10/2020,29,10,2020,Watch Dogs,0.7575757576,7.80,6.23
God of War(2005),SCE Santa Monica Studio,"Puzzle, Hack and slash/Beat 'em up, Adventure, Action, Fantasy, Historical",Single player,No,No,No,Third Person,Playstation 2,1,9,10,13,NA,0,1,$49.99,$5.55,$5.00,$3.85,22/03/2005,22,3,2005,God of War,NA,9.60,8.80
God of War(2018),SIE Santa Monica Studios,"RPG, Adventure, Hack and slash/Beat 'em up, Action, Historical, Fantasy",Single player,No,No,No,Third Person,"PC, Playstation 4",2,20.5,33,51,NA,0,1,$59.99,$2.93,$1.82,$1.18,20/04/2018,20,4,2018,God of War,NA,9.70,9.45
God of War Ragnarök,SIE Santa Monica Studios,"RPG, Adventure, Hack and slash/Beat 'em up, Action, Historical, Fantasy",Single player,No,Yes,Yes,Third Person,"PC, Playstation 4/5",3,26.5,33.5,50.5,NA,0,0,$59.99,$2.26,$1.79,$1.19,9/11/2025,9,11,2025,God of War,NA,9.70,9.03
Marvel's Spiderman 2,Insomniac Games,"Hack and slash/Beat 'em up, Adventure, Superhero, Action, Stealth",Single player,Yes,Yes,Yes,Third Person,"PC, Playstation 4/5",3,17,23.5,28.5,12,1,0,$69.99,$4.12,$2.98,$2.46,20/10/2023,20,10,2023,Marvel's Spiderman,1.416666667,8.50,8.43
Marvel's Spider-Man: Miles Morales,Insomniac Games,"Hack and slash/Beat 'em up, Adventure, Superhero, Action, Stealth",Single player,Yes,Yes,Yes,Third Person,"PC, Playstation 4/5",3,7.5,12.5,18.5,2,1,0,$49.99,$6.67,$4.00,$2.70,12/11/2020,12,11,2020,Marvel's Spiderman,3.75,8.75,8.20
The Last of Us,Naughty Dog,"Shooter, Adventure, Action, Survival, Stealth, Horror","Single player, Multiplayer",No,No,No,Third Person,Playstation 3,1,15.5,17.5,22.5,NA,0,1,$59.99,$3.87,$3.43,$2.67,14/06/2013,14,6,2013,The Last of Us,NA,9.75,9.30
The Last of Us Part I,Naughty Dog,"Shooter, Adventure, Action, Survival, Stealth, Horror",Single player,No,No,No,Third Person,"PC, Playstation 5",2,14.5,18,24.5,NA,0,0,$69.99,$4.83,$3.89,$2.86,2/9/2022,2,9,2022,The Last of Us,NA,8.95,8.98
The Last of Us Part II,Naughty Dog,"Shooter, Adventure, Action, Survival, Stealth, Horror",Single player,No,Yes,No,Third Person,Playstation 4/5,2,24,29.5,43.5,NA,0,1,$59.99,$2.50,$2.03,$1.38,19/06/2020,19,6,2020,The Last of Us,NA,9.65,8.18
Batman: Arkham City,Rocksteady Studios,"Hack and slash/Beat 'em up, Adventure, Superhero, Action, Stealth",Single player,No,No,Yes,Third Person,"PC, Playstation 3, Xbox 360",3,12.5,21.5,45.5,0.172,1,1,$59.99,$4.80,$2.79,$1.32,18/10/2011,18,10,2011,Batman,72.6744186,9.45,9.23
Grand Theft Auto III,"DMA Design, TransGaming Inc.","Shooter, Arcade, Action",Single player,Limited,Yes,Yes,Third Person,"Android, iOS, Mac, PC, Playstation 2, Xbox",6,14,20.5,36.5,8.12,1,1,$49.95,$3.57,$2.44,$1.37,22/10/2001,22,10,2001,Grand Theft Auto ,1.724137931,9.65,7.78
The Witcher 3: Wild Hunt,CD Projekt Red,"RPG, Adventure, Action, Fantasy",Single player,Yes,No,Yes,Third Person,"Nintendo Switch, PC, Playstation 4/5, Xbox One/Series XIS",6,51.5,103,175,142,1,1,$59.99,$1.16,$0.58,$0.34,19/05/2015,19,5,2015,The Witcher,0.3626760563,9.25,9.53
Uncharted 4: A Thief's End,Naughty Dog,"Shooter, Adventure, Action, Fantasy, Historical, Stealth","Single player, Multiplayer",No,Yes,No,Third Person,Playstation 4,1,15,18,31.5,NA,0,0,$59.99,$4.00,$3.33,$1.90,10/5/2016,10,5,2016,Uncharted,NA,9.15,9.05
Detriot: Become Human,Quantic Dream,"Puzzle, Adventure, Action, Science Fiction, Thriller, Drama, Mystery",Single player ,No,No,No,Third Person,"PC, Playstation 4",2,12,16,32,NA,0,1,$59.99,$5.00,$3.75,$1.87,25/05/2018,25,5,2018,NA,NA,7.90,8.78
The Witcher 2: Assassins of Kings,CD Projekt Red,"RPG, Adventure, Action, Fantasy",Single player ,Limited,Yes,No,Third Person,"PC, Xbox 360",2,24,34.5,56.5,NA,0,1,$29.99,$1.25,$0.87,$0.53,17/05/2011,17,5,2011,The Witcher,NA,8.90,8.60
Beyond: Two Souls,Quantic Dream,"Adventure, Action, Science fiction, Thriller, Drama","Single player, Multiplayer, Co-operative",No,No,No,Third Person,"PC, Playstation 3/4",3,10.5,12.5,27.5,NA,0,0,$59.99,$5.71,$4.80,$2.18,8/10/2013,8,10,2013,NA,NA,6.50,8.15
Assassin's Creed Unity,Ubisoft Montreal,"Action, RPG, Stealth, Parkour, Historical","Single player, Multiplayer, Co-operative",No,Yes,Yes,Third Person,"PC, Playstation 4, Xbox One",3,17,35,80,2.4,1,0,$59.99,$3.53,$1.71,$0.75,11/11/2014,11,11,2014,Assassins Creed,7.083333333,7.50,6.78
The Quiet Man,Human Head Studios,"Hack and slash/Beat 'em up, Action",Single player,No,No,No,Third Person,"PC, Playstation 4",2,3,5.5,6,NA,0,1,$14.99,$5.00,$2.73,$2.50,1/11/2018,1,11,2018,NA,NA,4.15,2.55
Fallout 76,Bethesda Game Studios,"Shooter, RPG, Action, Science fiction, Survival","Multiplayer, Co-operative, Massively Multiplayer Online(MMO)",Limited,Yes,Yes,"First Person, Third Person","PC, Playstation 4",2,35.5,115,298,41.4,1,0,$59.99,$1.69,$0.52,$0.20,14/11/2018,14,11,2018,Fallout,0.8574879227,6.10,5.15
Left Alive,"Square Enix, lIinx Corporation","Shooter, Action, Science fiction, Survival, Stealth, Warfare",Single player,No,No,No,Third Person,"PC, Playstation 4",2,12.5,20,38,NA,0,0,$59.99,$4.80,$3.00,$1.58,28/02/2019,28,2,2019,Front Mission,NA,3.75,5.13
Assassin's Creed Syndicate,Ubisoft Québec,"Action, RPG, Stealth, Parkour, Historical",Single player,No,Yes,Yes,Third Person,"PC, Playstation 4, Xbox One",3,19,33.5,55.5,3.7,1,0,$59.99,$3.16,$1.79,$1.08,23/10/2015,23,10,2015,Assassins Creed,5.135135135,7.90,7.23
Days Gone,Bend Studio,"Shooter, Adventure, Action, Horror, Survival, Sandbox",Single player,Limited,No,Yes,Third Person,"PC, Playstation 4",2,36.5,50.5,65.5,30,1,0,$59.99,$1.64,$1.19,$0.92,26/04/2019,26,4,2019,Days Gone,1.216666667,6.80,8.45
Dying Light 2: Stay Human,"Techland, Techland Publishing","RPG, Adventure, Action, Horror, Survival","Single player, Multiplayer, Co-operative",Limited,Yes,Yes,First Person,"PC, Playstation 4/5, Xbox One/Series XIS",5,24.5,49,103,124,1,0,$59.99,$2.45,$1.22,$0.58,3/2/2022,3,2,2022,Dying Light,0.1975806452,7.30,7.20
Dead Island 2,Deep Silver Dambuster Studios,"Shooter, RPG, Hack and slash/Beat 'em up, Adventure, Action, Horror, Survival, Comedy","Single player, Multiplayer, Co-operative",No,Yes,Yes,First Person,"PC, Playstation 4/5, Xbox One/Series XIS",5,16,26.5,38.5,NA,0,0,$69.99,$4.37,$2.64,$1.82,21/04/2023,21,4,2023,Dead Island,NA,7.15,7.13
Metroid: Other M,"D-Rockets, Team NINJA","Shooter, Platform, Action, Adventure, Science fiction",Single player,No,Yes,No,"First Person, Third Person","Wii, Wii U",2,9.5,11,13,NA,0,1,$49.99,$5.26,$4.54,$3.85,31/08/2010,31,8,2010,Metroid,NA,8.20,6.28
Heavy Rain,Quantic Dream,"Adventure, Action, Thriller, Drama, Mystery",Single player,No,No,No,"First Person, Third Person","PC, Playstation 3/4",3,10,12,22,NA,0,1,$59.99,$6.00,$5.00,$2.73,18/02/2010,18,2,2010,NA,NA,8.85,8.55
Ride to Hell: Retribution,"Deep Silver, Eutechnyx","Hack and slash/Beat 'em up, Action, Shooter, Adventure, Historical",Single player,No,No,Yes,First Person,"PC, Playstation 3, Xbox 360",3,9,10,17.5,NA,0,1,$29.99,$3.33,$3.00,$1.71,25/06/2013,25,6,2013,Ride to Hell,NA,0.95,2.23
Sonic the Hedgehog,Sonic Team,"Adventure, Action, Scienve fiction, Educational","Single player, Multiplayer",No,No,No,Third Person,"Playstation 3, Xbox 360",2,16,19.5,25,NA,0,1,$59.99,$3.75,$3.08,$2.40,14/11/2006,14,11,2006,Sonic the Hedgehog,NA,4.70,4.08
Agony,Madmind Studio,"Shooter, Adventure, Indie, Action, Horror, Survival",Single player,No,No,No,First Person,"PC, Playstation 4, Xbox One, Nintendo Switch",4,7.5,10.5,14,NA,0,1,$39.99,$5.33,$3.81,$2.86,29/05/2018,29,5,2018,Agony,NA,4.35,5.40
Duke Nukem Forever,"Triptych Games, Gearbox Software, 3D Realms, Piranha Games, Aspyr Media","Shooter, Adventure, Action, Science fiction, Comedy","Single player, Multiplayer",No,Yes,No,"First Person, Third Person","Mac, PC, Playstation 3, Xbox 360",4,9,12.5,22,NA,0,1,$59.99,$6.67,$4.80,$2.73,10/6/2011,10,6,2011,Duke Nukem,NA,5.20,5.43
Anthem,BioWare,"Shooter, RPG, Adventure, Action, Science Fiction","Multiplayer, Co-operative",No,No,No,Third Person,"PC, Playstation 4, Xbox One",3,14.5,28,56,NA,0,1,$59.99,$4.14,$2.14,$1.07,22/02/2019,22,2,2019,NA,NA,6.20,5.40
The Callisto Protocol,Striking Distance Studios,"Shooter, Adventure, Action, Science Fiction, Horror, Survival",Single player,No,No,No,Third Person,"PC, Playstation 4/5, Xbox One/Series XIS",5,10,12,15.5,NA,0,0,$69.99,$7.00,$5.83,$4.52,2/12/2022,2,12,2022,The Callisto Protocol,NA,6.95,6.70
Resident Evil 6,Capcom,"Shooter, Adventure, Action, Horror, Survival, Stealth","Single player, Multiplayer, Co-operative",Limited,Yes,No,Third Person,"PC, Playstation 3, Xbox 360",3,21,27,52,NA,0,0,$59.99,$2.86,$2.22,$1.15,2/10/2012,2,10,2012,Resident Evil,NA,7.30,6.38
Devil May Cry 2,Capcom Production Studio 1,"Hack and slash/Beat 'em up, Adventure, Horror, Action",Single player,No,Yes,No,Third Person,Playstation 2,1,5,7,18.5,NA,0,0,$49.99,$10.00,$7.14,$2.70,25/01/2003,25,1,2003,Devil May Cry,NA,6.90,5.65
Alone in the Dark,Eden Games,"Shooter, Puzzle, Adventure, Action, Horror, Survival, Mystery",Single player,No,No,Semi,"First Person, Third Person","PC, Xbox 360",2,9,12.5,15.5,NA,0,1,$59.99,$6.67,$4.80,$3.87,20/06/2008,20,6,2008,Alone in the Dark,NA,2.90,5.50
Mass Effect: Andromeda,BiowWare Montréal,"Shooter, RPG, Adventure, Action, Science fiction","Single player, Multiplayer, Co-operative",Limited,Yes,Semi,Third Person,"PC, Playstation 4, Xbox One",3,18.5,63,94,NA,0,0,$59.99,$3.24,$0.95,$0.64,21/03/2017,21,3,2017,Mass Effect,NA,7.40,6.50
Resident Evil,Capcom Planning Room 2,"Adventure, Action, Horror, Survival",Single player,No,No,No,Third Person,"PC, Playstation",2,7,8.5,15,NA,0,1,$49.99,$7.14,$5.88,$3.33,22/03/1996,22,3,1996,Resident Evil,NA,8.90,8.60
Resident Evil 2,Capcom Planning Room 2,"Shooter, Adventure, Action, Horror, Survival",Single player,No,Yes,No,Third Person,"Dreamcast, Nintendo GameCube, PC, Playstation, Playstation, Playstation Portable",6,6,9.5,15.5,NA,0,1,$49.99,$8.33,$5.26,$3.23,21/01/1998,21,1,1998,Resident Evil,NA,7.60,8.80
Resident Evil 3: Nemesis,Capcom Planning Room 2,"Shooter, Adventure, Action, Horror, Survival, Puzz",Single player,Limited,Yes,No,Third Person,"Dreamcast, Nintendo GameCube, PC, Playstation, Playstation, Playstation Portable",6,7,8,13,NA,0,0,$49.99,$7.14,$6.25,$3.85,22/09/1999,22,9,1999,Resident Evil,NA,8.55,8.63
Resident Evil Code: Veronica,Nextech,"Shooter, Adventure, Action, Horror, Survival, Puzz","Single player, Multiplayer",No,Yes,No,Third Person,Dreamcast,1,11.5,14,17.5,NA,0,0,$49.99,$4.35,$3.57,$2.86,3/2/2000,3,2,2000,Resident Evil,NA,4.70,8.08
Resident Evil 4,Capcom Production Studio 4,"Shooter, Adventure, Action, Horror, Survival",Single player,Limited,Yes,No,Third Person,Nintendo GameCube,1,15.5,19.5,31.5,NA,0,1,$49.99,$3.23,$2.56,$1.59,11/1/2005,11,1,2005,Resident Evil,NA,9.65,9.23
Resident Evil 5,Capcom,"Shooter, Adventure, Action, Horror, Survival","Single player, Multiplayer, Co-operative, Splitscreen",Limited,Yes,No,Third Person,"PC, Playstation 3, Xbox 360",3,12,17,35.5,NA,0,0,$59.99,$5.00,$3.53,$1.69,5/3/2009,5,3,2009,Resident Evil,NA,8.80,7.85
Resident Evil 7: Biohazard,Capcom,"Shooter, Adventure, Action, Horror, Survival, Puzzle",Single player,Limited,Yes,No,"First Person, Virtual Reality","Nintendo Switch 2, PC, Playstation 4/5, Xbox One",5,9.5,12,27.5,NA,0,1,$59.99,$6.31,$5.00,$2.18,24/1/2017,24,1,2017,Resident Evil,NA,8.15,8.55
Resident Evil Village,"Capcom Development, Division 1, Capcom","Shooter, Adventure, Action, Horror, Survival, Stealth",Single player,Limited,Yes,No,"First Person, Virtual Reality","Google Stadia, iOS, Mac, Nintendo Switch/Switch 2, PC, Playstation 4/5, Xbox One/Series XIS",10,10,13,38.5,NA,0,0,$59.99,$6.00,$4.61,$1.56,6/5/2021,6,5,2021,Resident Evil,NA,8.20,8.60
Agony Unrated,Madmind Studio,"Adventure, Indie, Horror, Survival, Action, Erotic",Single player,No,No,No,First Person,PC,1,7.5,10.5,14,NA,0,1,$49.99,$6.67,$4.76,$3.57,30/10/2018,30,10,2018,NA,NA,4.35,5.40
Postal III,Akella,"Shooter, Action, Comedy",Single player,No,Yes,No,First Person,PC,1,5.5,6.5,11,NA,0,1,$39.99,$7.27,$6.15,$3.64,23/11/2011,23,11,2011,Postal,NA,3.95,3.45
Sonic Boom: Rise of Lyric,Big Red Button,"Platform, Adventure, Action","Single player, Multiplayer",No,Yes,No,Third Person,Wii U,1,7.5,14.5,19.5,NA,0,1,$39.99,$5.33,$2.76,$2.05,11/11/2014,11,11,2014,Sonic Boom,NA,3.75,3.50
Aliens: Colonial Marines,Gearbox Software,"Shooter, Action, Science fiction, Horror","Single player, Multiplayer, Co-operative, Splitscreen",Limited,Yes,No,First Person,"PC, Playstation 3, Wii U, Xbox 360",4,7,9.5,22.5,NA,0,1,$59.99,$8.57,$6.31,$2.67,12/2/2013,12,2,2013,Alien,NA,4.90,4.85
E.T. The Extra Terrestrial,NewKidCo,"Adventure, Science fiction",Single player,No,No,No,Bird view/Isometric,Game Boy Advance,1,2.5,2.5,2.5,NA,0,1,$34.95,$13.98,$13.98,$13.98,14/12/2001,14,12,2001,NA,NA,4.05,2.58
Postal,Running With Scissors,"Shooter, Indie, Action","Single player, Multiplayer",No,No,No,Bird view/Isometric,"Linux, Mac, PC",3,2.5,3.5,13.5,NA,0,1,$49.99,$20.00,$14.28,$3.70,24/9/1997,24,9,1997,Postal,NA,2.80,7.20
Postal 2,Running With Scissors,"Shooter, Indie, Action, Adventure, Comedy",Single player,No,Yes,Yes,First Person,"Linux, Mac, PC",3,7,12.5,32,104,1,1,$49.99,$7.14,$4.00,$1.56,14/4/2003,14,4,2003,Postal,0.06730769231,5.25,8.25
Postal 4: No Regerts,Running With Scissors,"Shooter, Action, Adventure, Comedy, Horror, Sandbox",Single player,No,Yes,Yes,First Person,"PC, Playstation 4/5",3,11,15,20.5,256,1,0,$39.99,$3.64,$2.67,$1.95,20/4/2022,20,4,2022,Postal,0.04296875,2.55,5.78
Alien vs Predator,Rebellion Developments,"Shooter, Action, Science fiction, Horror, Survival","Single player, Multiplayer, Co-operative",Limited,No,No,First Person,"PC, Playstation 3, Xbox 360",3,8,12,24,NA,0,1,$59.99,$7.50,$5.00,$2.50,16/2/2010,16,2,2010,Aliens versus Predator,NA,7.45,7.43
Aliens: Fireteam Elite,Cold Iron Studios,"Shooter, RPG, Action, Science fiction","Single player, Multiplayer, Co-operative",Limited,Yes,No,Third Person,"PC, Playstation 4/5, Xbox One/Series XIS",5,8.5,16,58.5,NA,0,0,$39.99,$4.70,$2.50,$0.68,23/8/2021,23,8,2021,NA,NA,6.95,6.88
Sonic Boom: Shattered Crystal,Sanzaru Games,"Platform, Action","Single player, Multiplayer",No,Yes,No,Third Person,Nintendo 3DS,1,10,11.5,16,NA,0,0,$39.99,$4.00,$3.48,$2.50,11/11/2014,11,11,2014,Sonic Boom,NA,4.35,5.38
Sonic Boom: Fire & Ice,Sanzaru Games,"Platform, Adventure, Action","Single player, Multiplayer",No,Yes,No,Side view,Nintendo 3DS,1,4.5,8,16,NA,0,0,$39.99,$8.89,$5.00,$2.50,27/9/2016,27,9,2016,Sonic Boom,NA,6.85,5.75
Mass Effect,"BioWare, BioWare Edmonton","Shooter, RPG, Action, Science fictiion, Romance",Single player,Yes,No,No,Third Person,"PC, Playstation 3, Xbox 360",3,17,27.5,42.5,NA,0,1,$59.99,$3.53,$2.18,$1.41,20/11/2007,20,11,2007,Mass Effect,NA,9.25,8.80
Mass Effect 2,"BioWare, BioWare Edmonton","Shooter, RPG, Action, Science fictiion, Adventure",Single player,Yes,Yes,No,Third Person,"PC, Playstation 3, Xbox 360",3,24.5,35.5,50,NA,0,1,$59.99,$2.45,$1.69,$1.20,26/1/2010,26,1,2010,Mass Effect,NA,9.55,8.63
Mass Effect 3,"BioWare, BioWare Edmonton","Shooter, RPG, Action, Science fictiion, Adventure",Single player,Yes,Yes,No,Third Person,"PC, Playstation 3, Xbox 360",3,24.5,36,50.5,NA,0,0,$59.99,$2.45,$1.67,$1.19,6/3/2012,6,3,2012,Mass Effect,NA,9.40,7.75
Saints Row: The Third,Volition,"Shooter, Racing, Adventure, Action, Comedy, Sandbox","Single player, Multiplayer, Co-operative",Yes,No,Yes,"Third Person, Side view","Linux, PC, Playstation 3, Xbox 360",4,15.5,27.5,45,5.69,1,1,$59.99,$3.87,$2.18,$1.33,15/11/2011,15,11,2011,Saints Row,2.724077329,8.45,8.10
Saints Row IV,"High Voltage Software, Volition","Shooter, Science fic, Adventure, Action, Comedy, Sandbox","Single player, Multiplayer, Co-operative",Yes,Yes,Yes,Third Person,"PC, Playstation 3/4, Xbox 360/One",5,15.5,24.5,36.5,10,1,1,$59.99,$3.87,$2.45,$1.64,20/8/2013,20,8,2013,Saints Row,1.55,7.45,7.75
Saints Row,Volition,"Shooter, Adventure, Action","Single player, Multiplayer, Co-operative",No,Yes,Yes,Third Person,"PC, Playstation 4/5, Xbox One/Series XIS",5,12.5,27,52.5,NA,0,1,$59.99,$4.80,$2.22,$1.14,23/8/2022,23,8,2022,Saints Row,NA,6.05,4.98
Silent Hill,Team Silent,"Puzzle, Adventure, Action, Horror, Survival",Single player,Limited,No,No,Third Person,"Playstation, Playstation 3/Portable",3,7,8,14.5,NA,0,1,$49.99,$7.14,$6.25,$3.45,24/2/1999,24,2,1999,Silent Hill,NA,8.80,8.83
Silent Hill 2,Team Silent,"Puzzle, Adventure, Drama, Horror, Survival, Mystery",Single player,Yes,Yes,No,Third Person,Playstation 2,1,16,18.5,32,NA,0,1,$49.99,$3.12,$2.70,$1.56,24/9/2001,24,9,2001,Silent Hill,NA,8.80,9.40
Silent Hill: Homecoming ,Double Helix Games,"Puzzle, Adventure, Horror, Survival",Single player,Limited,Yes,No,Third Person,"PC, Playstation 3, Xbox 360",3,9.5,11.5,18.5,NA,0,0,$59.99,$6.31,$5.22,$3.24,30/9/2008,30,9,2008,Silent Hill,NA,7.00,6.50
Silent Hill: Downpour,Vatra Games,"Adventure, Horror, Survival",Single player,No,Yes,No,Third Person,"Playstation 3, Xbox 360",2,9,12.5,16.5,NA,0,0,$59.99,$6.67,$4.80,$3.64,13/3/2012,13,3,2012,Silent Hill,NA,5.45,6.75
Silent Hill 3,Team Silent,"Puzzle, Adventure, Action, Horror, Survival, Science fiction, Mystery, Stealth",Single player,Yes,Yes,No,Third Person,"PC, Playstation 2",2,6,8,11.5,NA,0,0,$49.99,$8.33,$6.25,$4.35,23/5/2003,23,5,2003,Silent Hill,NA,8.65,8.68
Silent Hill 4: The Room,Team Silent,"Adventure, Action, Horror, Survival",Single player,Yes,Yes,No,Third Person,"PC, Playstaion 2/3, Xbox",4,9,10,12.5,NA,0,1,$49.99,$5.55,$5.00,$4.00,17/6/2004,17,6,2004,Silent Hill,NA,7.25,7.65
Silent Hill: Origins,Climax LA,"Puzzle, Adventure, Horror, Survival",Single player,Limited,Yes,No,Third Person,Playstation 2/Portable,2,6,7,8,NA,0,0,$39.99,$6.67,$5.71,$5.00,6/11/2007,6,11,2007,Silent Hill,NA,7.90,7.30
Silient Hill: Shattered Memories,Climax Studios,"Adventure, Horror, Survival",Single player,Limited,Yes,No,Third Person,"Playstation 2/Portable, Wii",3,7,7.5,11,NA,0,1,$39.99,$5.71,$5.33,$3.64,8/12/2009,8,12,2009,Silent Hill,NA,8.25,7.33
Far Cry,"Crytek Frankfurt, Crytek","Shooter, Action, Science fiction","Single player, Multiplayer",Yes,No,Yes,First Person,PC,1,13,16,19.5,NA,0,1,$49.99,$3.85,$3.12,$2.56,23/3/2004,23,3,2004,Far Cry,NA,9.05,7.58
Far Cry 2,Unisoft Montreal,"Shooter, Adventure, Action, Sandbox, Stealth","Single player, Multiplayer",Limited,Yes,Yes,First Person,"PC, Playstation 3, Xbox 360",3,17,26,41,50,1,1,$49.99,$2.94,$1.92,$1.22,21/10/2008,21,10,2008,Far Cry,0.34,8.70,6.93
Far Cry 3: Blood Dragon,Unisoft Montreal,"Shooter, Adventure, Action, Sandbox, Stealth, Science fiction, Comedy",Single player,Limited,Yes,Yes,First Person,"Google Stadia, PC, Playstation 3, Xbox 360",4,4.5,7,8.5,50,1,1,$59.99,$13.33,$8.57,$7.06,30/4/2013,30,4,2013,Far Cry,0.09,8.00,8.25
Far Cry New Dawn,Unisoft Montreal,"Shooter, Adventure, Action","Single player, Multiplayer, Co-operative",No,Yes,Yes,First Person,"PC, Playstation 4, Xbox One",3,11.5,18,29,15,1,0,$39.99,$3.48,$2.22,$1.38,15/2/2019,15,2,2019,Far Cry,0.7666666667,7.30,6.23
Elden Ring,FromSoftware,"RPG, Adventure, Action, Fanstasy","Single player, Multiplayer, Co-operative",Limited,No,Yes,Third Person,"Nintendo Switch 2, PC, Playstation 4/5, Xbox One/Series XIS",6,60,101,135,79,1,1,$59.99,$1.00,$0.59,$0.44,25/2/2022,25,2,2022,Elden Ring,0.7594936709,9.80,9.05
Tom Clancy's Ghost Recon,Red Storm Entertainment,"Shooter, Simulator, Strategy, Tactical, Adventure, Action, Warfare","Single player, Multiplayer, Co-operative",Yes,Yes,No,First Person,"Mac, Nintendo GameCube, PC, Playstation 2, Xbox",5,10,12.5,13.5,NA,0,1,$49.99,$5.00,$4.00,$3.70,13/11/2001,13,11,2001,Ghost Recon,NA,8.85,7.83
Tom Clancy's Ghost Recon Advanced Warfighter,"Darkworks, Ubisoft Paris, Ubisoft Shanghai, GRIN","Shooter, Simulator, Strategy, Tactical, Action, Warfare","Single player, Multiplayer",Limited,Yes,No,Third Person,"PC, Playstation 2, Xbox, Xbox 360",4,14.5,16.5,20.5,NA,0,1,$49.99,$3.45,$3.03,$2.44,9/3/2006,9,3,2006,Ghost Recon,NA,9.10,7.63
Tom Clancy's Ghost Recon Advanced Warfighter 2,"GRIN, Red Storm Entertainment, Ubisoft Paris, High Voltage Software","Shooter, Simulator, Strategy, Tactical, Action, Warfare","Single player, Multiplayer",Limited,Yes,No,"First Person, Third Person","PC, Playstation 3/Portable, Xbox 360",4,9,10,21.5,NA,0,0,$49.99,$5.55,$5.00,$2.33,6/3/2007,6,3,2007,Ghost Recon,NA,8.45,7.23
Tom Clancy's Ghost Recon: Wildlands,Ubisoft Paris,"Shooter, Tactical, Adventure, Action, Stealth","Single player, Multiplayer, Co-operative",No,Yes,Yes,"First Person, Third Person","PC, Playstation 4, Xbox One",3,27,54,84.5,440,1,1,$59.99,$2.22,$1.11,$0.71,6/3/2017,6,3,2017,Ghost Recon,0.06136363636,7.45,7.10
Tom Clancy's Ghost Recon: Breakpoint,Ubisoft Paris,"Shooter, Tactical, Adventure, Action, Stealth, Warfare","Single player, Multiplayer, Co-operative",No,Yes,Yes,Third Person,"Google Stadia, PC, Playstation 4/5, Xbox One/Serires XIS",6,23,54.5,99.5,400,1,0,$59.99,$2.61,$1.10,$0.60,4/10/2019,4,10,2019,Ghost Recon,0.0575,5.80,5.83
The Elder Scrolls V: Skyrim,Bethesda Game Studios,"RPG, Adventure, Action, Fantasy, Stealth, Sandbox",Single player,Yes,Yes,Yes,"First Person, Third Person","PC, Playstation 3, Xbox 360",3,35,110,237,37,1,1,$59.99,$1.71,$0.55,$0.25,10/11/2011,10,11,2011,The Elder Scrolls,0.9459459459,9.55,9.18
The Elder Scrolls IV: Oblivion,Bethesda Game Studios,"RPG, Adventure, Action, Fantasy, Historical, Sandbox",Single player,Yes,Yes,Yes,"First Person, Third Person","PC, Playstation 3, Xbox 360",3,27.5,85,184,41,1,1,$59.99,$2.18,$0.71,$0.33,20/3/2006,20,3,2006,The Elder Scrolls,0.6707317073,9.20,8.98
The Elder Scrolls: Arena,Bethesda Softworks,"RPG, Action, Fantasy, Sandbox",Single player,No,No,Yes,First Person,PC,1,26.5,45.5,62,120000,1,1,$49.99,$1.89,$1.10,$0.81,25/3/1994,25,3,1994,The Elder Scrolls,0.0002208333333,7.00,6.83
The Elder Scrolls II: Daggerfall,Bethesda Game Studios,"RPG, Adventure, Action, Fantasy, Historical, Sandbox",Single player,Yes,Yes,Yes,"First Person, Third Person",DOS,1,31,74.5,269,161000,1,1,$49.99,$1.61,$0.67,$0.19,31/8/1996,31,8,1996,The Elder Scrolls,0.0001925465839,8.25,8.15
The Elder Scrolls III: Morrowind,Bethesda Game Studios,"RPG, Adventure, Action, Fantasy, Sandbox",Single player,Yes,Yes,Yes,"First Person, Third Person","PC, Xbox",2,44,104,295,24,1,1,$49.99,$1.14,$0.48,$0.17,1/5/2002,1,5,2002,The Elder Scrolls,1.833333333,9.05,8.90
The Elder Scrolls Online,ZeniMax Online Studios,"RPG, Adventure, Action, Fantasy","Single player, Multiplayer, Co-operative, Massively Multiplayer Online(MMO)",Limited,Yes,Yes,"First Person, Third Person","Mac, PC, Playstation 4/5, Xbox One/Seires XIS",6,50,50,300,400,1,0,$59.99,$1.20,$1.20,$0.20,4/4/2014,4,4,2014,The Elder Scrolls,0.125,7.55,7.33
The Elder Scrolls Adventures: Redguard,Bethesda Softworks,"RPG, Adventure, Action, Fantasy, Historical",Single player,No,Yes,No,Third Person,"DOS, PC",2,17,17,17,NA,0,1,$49.99,$2.94,$2.94,$2.94,31/10/1998,31,10,1998,The Elder Scrolls,NA,6.50,6.50
An Elder Scrolls Legend: Battlespire,Bethesda Softworks,"RPG, Action, Fantasy","Single player, Multiplayer",No,Yes,No,First Person,DOS,1,15.5,25.5,37,NA,0,1,$49.99,$3.23,$1.96,$1.35,30/11/1997,30,11,1997,The Elder Scrolls,NA,5.70,6.00
Fallout: A Post Nuclear Role Playing Game,"Interplay Entertainment, Black Isle Studios","RPG, Science fiction, Survival, Stealth",Single player,Limited,No,No,Bird view/Isometric,"DOS, Linux, Mac, OnLive Game System, PC",5,16,23,32.5,NA,0,1,$49.99,$3.12,$2.17,$1.54,10/10/1997,10,10,1997,Fallout,NA,9.20,9.05
Fallout 2,Black Isle Studios,"Puzzle, RPG, Science fiction, Survival, Stealth, Comedy",Single player,Limited,Yes,No,Bird view/Isometric,"Mac, PC",2,30.5,47.5,82.5,NA,0,0,$49.99,$1.64,$1.05,$0.61,29/10/1998,29,10,1998,Fallout,NA,8.75,9.10
Fallout Tactics: Brotherhood of Steel,Micro Forté,"RPG, Strategy, Tactical, TBS, Action, Science fiction, Stealth","Single player, Multiplayer",Limited,Yes,No,Bird view/Isometric,"Mac, PC",2,25.5,45.5,49.5,NA,0,0,$49.99,$1.96,$1.10,$1.01,15/3/2001,15,3,2001,Fallout,NA,8.25,7.18
Fallout: Brotherhood of Steel,Interplay,"RPG, Action, Science fiction, Comedy, Hack and slash/Beat 'em up",Single player,Limited,Yes,No,Bird view/Isometric,"Playstation 2, Xbox",2,10,13,17.5,NA,0,0,$49.99,$5.00,$3.85,$2.86,13/1/2004,13,1,2004,Fallout,NA,7.05,5.70
Fallout 3,Bethesda Game Studios,"Shooter, RPG, Acrtion, Science fiction, Survival, Stealth, Sandbox",Single player,Yes,Yes,Yes,"First Person, Third Person","PC, Playstation 3, Xbox 360",3,22,52.5,114,39,1,1,$59.99,$2.73,$1.14,$0.53,28/10/2008,28,10,2008,Fallout,0.5641025641,9.05,8.13
Fallout: New Vegas,Obsidian Entertainment,"Shooter, RPG, Acrtion, Science fiction, Survival, Stealth, Sandbox",Single player,Yes,Yes,Yes,"First Person, Third Person","PC, Playstation 3, Xbox 360",3,27,60,131,45,1,1,$59.99,$2.22,$1.00,$0.46,19/10/2010,19,10,2010,Fallout,0.6,8.45,9.05
Fallout 4,Bethesda Game Studios,"Shooter, RPG, Acrtion, Science fiction, Survival, Stealth, Sandbox",Single player,Yes,Yes,Yes,"First Person, Third Person","PC, Playstation 4/5, Xbox One/Series XIS",5,27.5,83,160,43,1,0,$59.99,$2.18,$0.72,$0.37,9/11/2015,9,11,2015,Fallout,0.6395348837,9.10,8.13
Kingdom Come: Deliverance,Warhorse Studios,"RPG, Adventure, Action, Fantasy, Historical, Stealth",Single player,Limited,No,Yes,First Person,"Nintendo Switch, PC, Playstation 4, Xbox One",4,42.5,80.5,136,16,1,1,$59.99,$1.41,$0.75,$0.44,13/2/2018,13,2,2018,Kingdom Come: Deliverance,2.65625,7.80,8.30
Kingdom Come: Deliverance II,Warhorse Studios,"RPG, Adventure, Simulator, Historical, Action",Single player,Limited,Yes,Yes,First Person,"PC, Playstation 5, Xbox Series XIS",3,54.5,96.5,140,20,1,0,$69.99,$1.28,$0.73,$0.50,4/2/2025,4,2,2025,Kingdom Come: Deliverance,2.725,8.90,9.00
Dragon's Dogma,Capcom,"RPG, Hack and slash/Beat 'em up, Action, Fantasy, Sandbox, Historical",Single player,Limited,No,Yes,Third Person,"Playstation 3, Xbox 360",2,37,54.5,102,16,1,1,$59.99,$1.62,$1.10,$0.59,22/5/2012,22,5,2012,Dragon's Dogma,2.3125,7.70,7.95
Dragon's Dogma II,Capcom,"RPG, Action, Fantasy",Single player,Limited,Yes,Yes,Third Person,"PC, Playstation 5, Xbox Series XIS",3,31,56,93.5,30,1,0,$69.99,$2.26,$1.25,$0.75,22/3/2024,22,3,2024,Dragon's Dogma,1.033333333,8.30,6.78
Black Myth: Wukong,Game Science,"RPG, Hack and slash/Beat 'em up, Action, Fantasy, Adventure",Single player,Limited,No,No,Third Person,"PC, Playstation 5, Xbox Series XIS",3,38,48,67.5,NA,0,1,$59.99,$1.58,$1.25,$0.89,20/8/2024,20,8,2024,Black Myth,NA,8.05,8.73
Ghost of Yotei,Sucker Punch Productions,"RPG, Adventure, Stealth, Historical, Action",Single player,No,Yes,Yes,Third Person,Playstation 5,1,28.5,45.5,59.5,38,1,1,$69.99,$2.46,$1.54,$1.18,2/10/2025,2,10,2025,Ghost,0.75,8.80,8.58
Crackdown,Realtime Worlds,"Fighting, Shooter, RPG, Adventure, Action, Science fiction, Sandbox","Single player, Co-operative",No,No,Yes,Thrid Person,Xbox 360,1,11,17,45,16,1,1,$59.99,$5.45,$3.53,$1.33,20/2/2007,20,2,2007,Crackdown,0.6875,8.15,7.40
Crackdown 2,Ruffian Games,"Shooter, Adventure, Action, Sandbox, Science fiction","Single player, Multiplayer, Co-operative",No,Yes,Yes,Thrid Person,Xbox 360,1,7.5,14.5,29,16,1,0,$59.99,$8.00,$4.14,$2.07,6/7/2010,6,7,2010,Crackdown,0.46875,7.25,6.53
Crackdown 3,Sumo Digital,"Shooter, Action, Science fiction","Single player, Multiplayer, Co-operative",No,Yes,Yes,Third Person,"PC, Xbox One",2,7,11,24.5,21,1,0,$59.99,$8.57,$5.45,$2.45,15/2/2019,15,2,2019,Crackdown,0.3333333333,5.50,5.68
Dead Island,Techland,"Shooter, Hack and slash/Beat 'em up, Action, Horror, Survival","Single player, Multiplayer, Co-operative",Limited,No,Yes,First Person,"PC, Playstation 3, Xbox 360",3,18.5,28,48.5,10,1,1,$59.99,$3.24,$2.14,$1.24,6/9/2011,6,9,2011,Dead Island,1.85,7.55,7.55
Dead Island: Riptide,Techland,"Shooter, Hack and slash/Beat 'em up, Action, Horror, Survival, RPG","Single player, Multiplayer",Limited,Yes,Yes,First Person,"PC, Playstation 3, Xbox 360",3,12,21,35.5,9,1,0,$59.99,$5.00,$2.86,$1.69,23/4/2013,23,4,2013,Dead Island,1.333333333,6.45,6.75
Call of Duty,Infinity Ward,"Shooter, Action, Historical, Warfare","Single player, Multiplayer",Limited,No,No,First Person,"Mac, PC",2,7,9,10,NA,0,1,$49.99,$7.14,$5.55,$5.00,29/10/2003,29,10,2003,Call of Duty,NA,9.20,8.45
Call of Duty 2,Infinity Ward,"Shooter, Action, Historical, Warfare","Single player, Multiplayer",Limited,Yes,No,First Person,"Mac, PC, Xbox 360",3,8,9.6,11,NA,0,1,$59.99,$7.50,$6.25,$5.45,25/10/2005,25,10,2005,Call of Duty,NA,8.95,8.50
Call of Duty 3,"Treyarch, Exact Entertainment","Shooter, Action, Historical, Warfare","Single player, Multiplayer",Limited,Yes,No,First Person,"Playstation 2/3, Wii, Xbox/360",5,8,10,11,NA,0,0,$59.99,$7.50,$6.00,$5.45,7/11/2006,7,11,2006,Call of Duty,NA,8.50,7.23
Call of Duty: World at War,Treyarch,"Shooter, Action, Historical, Warfare, Horror, Survival, Stealth, Adventure","Single player, Multiplayer, Co-operative, Splitscreen",Limited,Yes,No,First Person,"PC, Playstaion 3, Xbox 360",3,7,11,25.5,NA,0,1,$59.99,$8.57,$5.45,$2.35,11/11/2008,11,11,2008,Call of Duty,NA,8.80,8.18
Call of Duty: Black Ops,Treyarch,"Shooter, Action, Historical, Warfare, Horror, Survival, Stealth","Single player, Multiplayer, Co-operative, Splitscreen",Limited,Yes,No,First Person,"Mac, PC, Playstaion 3, Xbox 360",4,7,13,18,NA,0,1,$59.99,$8.57,$4.61,$3.33,9/11/2010,9,11,2010,Call of Duty,NA,8.60,8.13
Call of Duty: Black Ops II,Treyarch,"Shooter, Action, Science fiction, Warfare","Single player, Multiplayer, Co-operative, Splitscreen",Limited,Yes,No,First Person,"PC, Playstaion 3, Xbox 360",3,7,10.5,31,NA,0,0,$59.99,$8.57,$5.71,$1.94,12/11/2012,12,11,2012,Call of Duty,NA,8.80,7.65
Call of Duty: Ghosts,"Neversoft Entertainment, Infinity Ward, Raven Software, Treyarch","Shooter, Action, Science fiction, Thriller, Survival, Stealth, Warfare","Single player, Multiplayer, Co-operative",Limited,Yes,No,First Person,"PC, Playstation 3/4, Wii U, Xbox 360/One",6,6,8.5,12.5,NA,0,0,$59.99,$10.00,$7.06,$4.80,5/11/2013,5,11,2013,Call of Duty,NA,8.30,5.90
Call of Duty: Advanced Warfare,Sledgehammer Games,"Shooter, Action, Science fiction, Warfare","Single player, Multiplayer, Co-operative, Splitscreen",Limited,Yes,No,First Person,"PC, Playstation 3/4, Xbox 360/One",5,7,10.5,18,NA,0,1,$59.99,$8.57,$5.71,$3.33,3/11/2014,3,11,2014,Call of Duty,NA,8.60,6.55
Call of Duty: Black Ops III,Treyarch,"Shooter, Adventure, Action, Science fiction, Warfare","Single player, Multiplayer, Co-operative, Splitscreen",Limited,Yes,No,First Person,"Mac, PC, Playstation 4, Xbox One",4,9,15,84,NA,0,0,$59.99,$6.67,$4.00,$0.71,6/11/2015,6,11,2015,Call of Duty,NA,8.65,7.05
Call of Duty: Infinite Warfare,Infinity Ward,"Shooter, Adventure, Action, Science fiction, Warfare","Single player, Multiplayer, Co-operative, Splitscreen",Limited,Yes,No,Fisrt Person,"PC, Playstation 4, Xbox One",3,7.5,9.5,16.5,NA,0,0,$59.99,$8.00,$6.31,$3.64,4/11/2016,4,11,2016,Call of Duty,NA,7.70,5.98
Call of Duty: WWII,Sledgehammer Games,"Shooter, Action, Historical, Warfare","Single player, Multiplayer, Co-operative, Splitscreen",Limited,Yes,No,First Person,"PC, Playstation 4, Xbox One",3,7,9.5,18.5,NA,0,0,$59.99,$8.57,$6.31,$3.24,2/11/2017,2,11,2017,Call of Duty,NA,7.95,6.63
Call of Duty: Black Ops 4,Treyarch,"Shooter, Action, Warfare","Single player, Multiplayer, Co-operative, Splitscreen",Limited,Yes,No,First Person,"PC, Playstation 4, Xbox One",3,5,10,29,NA,0,0,$59.99,$12.00,$6.00,$2.07,12/10/2018,12,10,2018,Call of Duty,NA,8.40,5.60
Call of Duty: Black Ops Cold War,Treyarch,"Shooter, Action, Historical, Warfare","Single player, Multiplayer, Co-operative, Splitscreen",Limited,Yes,No,First Person,PC,1,5.5,7,18,NA,0,0,$59.99,$10.91,$8.57,$3.33,13/11/2020,13,11,2020,Call of Duty,NA,7.30,7.30
Call of Duty: Vanguard,Sledgehammer Games,"Shooter, Action, Warfare","Single player, Multiplayer, Co-operative, Splitscreen",Limited,Yes,No,First Person,"PC, Playstation 4/5, Xbox One/Series XIS",5,6,9,28,NA,0,0,$59.99,$10.00,$6.67,$2.14,5/11/2021,5,11,2021,Call of Duty,NA,7.15,5.53
Call of Duty: Black Ops 6,"Treyarch, Raven Software","Shooter, Action, Warfare","Single player, Multiplayer, Co-operative",Limited,Yes,No,First Person,"PC, Playstation 4/5, Xbox One/Series XIS",5,8.5,11,39.5,NA,0,0,$69.99,$8.23,$6.36,$1.77,25/10/2024,25,10,2024,Call of Duty,NA,8.60,6.75
Call of Duty: Black Ops 7,"Treyarch, Raven Software","Shooter, Action, Science fiction, Warfare","Single player, Multiplayer, Co-operative",Limited,Yes,No,First Person,"PC, Playstation 4/5, Xbox One/Series XIS",5,5,9,22.5,NA,0,0,$69.99,$14.00,$7.78,$3.11,14/11/2025,14,11,2025,Call of Duty,NA,6.25,3.33
Mindseye,Build a Rocket Boy,"Adventure, Action, Science fiction",Single player,No,No,Yes,Third Person,"PC, Playstation 5, Xbox Series XIS",3,10,12,13,12,1,1,$59.99,$6.00,$5.00,$4.61,10/6/2025,10,6,2025,NA,0.8333333333,3.85,4.10
Homefront: The Revolution,Deep Silver Dambuster Studios,"Shooter, Adventure, Action, Warfare","Single player, Multiplayer, Co-operative",No,Yes,Yes,First Person,"PC, Playstation 4, Xbox One",3,12,19,32,9,1,0,$59.99,$5.00,$3.16,$1.87,17/5/2016,17,5,2016,Homefront,1.333333333,5.20,5.48
Dark Souls,FromSoftware,"RPG, Adventure, Action, Fantasy","Single player, Multiplayer, Co-operative",Yes,No,No,Third Person,"PC, Playstation 3, Xbox 360",3,41.5,60,105,NA,0,1,$59.99,$1.45,$1.00,$0.57,22/9/2011,22,9,2011,Dark Souls,NA,8.95,8.83
Dark Souls II,FromSoftware,"RPG, Adventure, Action, Fantasy","Single player, Multiplayer, Co-operative",Yes,Yes,No,Third Person,"PC, Playstation 3, Xbox 360",3,35.5,61,102,NA,0,0,$59.99,$1.69,$0.98,$0.59,11/3/2014,11,3,2014,Dark Souls,NA,9.05,8.15
Dark Souls III,FromSoftware,"RPG, Adventure, Action, Fantasy","Single player, Multiplayer, Co-operative",Yes,Yes,No,Third Person,"PC, Playstation 4, Xbox One",3,31.5,48,101,NA,0,0,$59.99,$1.90,$1.25,$0.59,24/3/2016,24,3,2016,Dark Souls,NA,9.20,8.90
Dying Light,Techland,"Shooter, RPG, Adventure, Action, Horror, Survival, Stealth","Single player, Multiplayer, Co-operative",Yes,No,Yes,First Person,"Linux, Mac, PC, Playstation 4, Xbox One",5,18,36,64,4.9,1,1,$59.99,$3.33,$1.67,$0.94,26/1/2015,26,1,2015,Dying Light,3.673469388,7.95,8.30
Dying Light: The Following,Techland,"Shooter, RPG, Adventure, Action, Horror, Survival","Single player, Multiplayer, Co-operative",Yes,Yes,Yes,First Person,"PC, Playstation 4, Xbox One",3,9,13.5,20,8.5,1,0,$19.99,$2.22,$1.48,$1.00,6/2/2016,6,2,2016,Dying Light,1.058823529,8.35,7.75
Dying Light: The Beast,Techland,"RPG, Adventure, Action, Horror, Survival","Single player, Multiplayer, Co-operative",Limited,Yes,Yes,First Person,"PC, Playstation 4/5, Xbox One/Series XIS",5,17.5,30.5,43,6.5,1,0,$59.99,$3.43,$1.97,$1.40,18/9/2025,18,9,2025,Dying Light,2.692307692,7.45,8.03
S.T.A.L.K.E.R.: Shadow of Chernobyl,GSC Game World,"Shooter, RPG, Adventure, Action, Horror, Survival, Stealth, Science fiction, Sandbox","Single player, Multiplayer",Yes,No,Yes,First Person,"Nintendo Switch, PC, Playstation 4, Xbox One",4,15,24.5,42,30,1,1,$49.99,$3.33,$2.04,$1.19,23/3/2007,23,3,2007,S.T.A.L.K.E.R.,0.5,8.20,7.70
S.T.A.L.K.E.R.: Clear Sky,GSC Game World,"Shooter, RPG, Adventure, Action, Horror, Survival, Stealth","Single player, Multiplayer",Yes,Yes,Yes,First Person,"Nintendo Switch, PC",2,13,22.5,35.5,30,1,0,$49.99,$3.85,$2.22,$1.41,22/8/2008,22,8,2008,S.T.A.L.K.E.R.,0.4333333333,7.40,7.28
S.T.A.L.K.E.R.: Call of Pripyat,GSC Game World,"Shooter, RPG, Adventure, Action, Horror, Survival, Stealth, Science fiction, Sandbox","Single player, Multiplayer",Yes,Yes,Yes,First Person,"Nintendo Switch, PC, Playstation 4, Xbox One",4,15,24,32,25,1,0,$49.99,$3.33,$2.08,$1.56,2/10/2009,2,10,2009,S.T.A.L.K.E.R.,0.6,8.10,7.70
S.T.A.L.K.E.R. 2: Heart of Chornobyl,GSC Game World,"Shooter, RPG, Adventure, Action, Horror, Survival",Single player,Yes,Yes,Yes,First Person,"PC, Playstation 5, Xbox Series XIS",3,36,70,131,64,1,0,$59.99,$1.67,$0.86,$0.46,20/11/2024,20,11,2024,S.T.A.L.K.E.R.,0.5625,7.65,7.53
Mafia,Illusion Softworks,"Fighting, Shooter, Adventure, Action, Stealth, Racing",Single player,Yes,No,Yes,Third Person,"PC, Playstation 2, Xbox",3,16,18.5,21,16,1,1,$49.99,$3.12,$2.70,$2.38,29/8/2002,29,8,2002,Mafia,1,7.90,8.58
Mafia II,"2K Czech, Massive Bear Studios","Shooter, Racing, Adventure, Action, Stealth, Sandbox, Historical, Fantasy",Single player,Yes,Yes,Yes,Third Person,"PC, Playstation 3, Xbox 360",3,12,16.5,31.5,10,1,0,$59.99,$5.00,$3.64,$1.90,24/8/2010,24,8,2010,Mafia,1.2,7.20,8.48
Mafia III,Hangar 13,"Shooter, Racing, Adventure , Action, Drama",Single player,Yes,Yes,Yes,Third Person,"Mac, PC, Playsyation 4, Xbox One",4,22.5,35,51,20,1,0,$59.99,$2.67,$1.71,$1.18,7/10/2016,7,10,2016,Mafia,1.125,7.15,6.28
Mafia: Definitive Edition,Hangar 13,"Shooter, Adventure, Action, Drama",Single player,Limited,Yes,Yes,Third Person,"PC, Playstation 4, Xbox One",3,10.5,13,24.5,16,1,0,$39.99,$3.81,$3.08,$1.63,24/9/2020,24,9,2020,Mafia,0.65625,7.90,8.20
Max Payne,Remedy Entertainment,"Shooter, Action, Thriller",Single player,Yes,No,No,Third Person,"Android, iOS, Mac, PC, Playstation 2/3/4, Xbox/360/One",10,8,9,11.5,NA,0,1,$49.99,$6.25,$5.55,$4.35,23/7/2001,23,7,2001,Max Payne,NA,9.10,8.93
Max Payne 2: The Fall of Max Payne,Remedy Entertainment,"Shooter, Action, Thriller",Single player,Yes,Yes,No,Third Person,"PC, Playstation 2/3, Xbox/360",5,6,7.5,9.5,NA,0,0,$49.99,$8.33,$6.67,$5.26,14/10/2003,14,10,2003,Max Payne,NA,9.00,8.88
Max Payne 3,"Rockstar New England, Rockstar Vancouver, Rockstar London, Rockstar Toronto","Shooter, Action, Thriller, Sandbox","Single player, Multiplayer",Limited,Yes,No,Third Person,"Mac, PC, Playstaion 3, Xbox 360",4,10,13,32,NA,0,0,$59.99,$6.00,$4.61,$1.87,15/5/2012,15,5,2012,Max Payne,NA,8.80,8.45
Conan Exiles,Funcom,"Fighting, RPG, Simulator, Strategy, Adventure, Action, Fantasy, Survival","Single player, Multiplayer, Co-operative, Massively Multiplayer Online(MMO)",Yes,No,Yes,"First Person, Third Person","PC, Playstation 4, Xbox One",3,42.5,116,138,64,1,1,$49.99,$1.18,$0.43,$0.36,8/5/2018,8,5,2018,Conan,0.6640625,6.75,6.20
Metal Gear Survive,Konami,"Shooter, Strategy, Science fiction, Survival, Action, Adventure","Single player, Multiplayer, Co-operative",No,Yes,Yes,Third Person,"PC, Playstation 4, Xbox One",3,22.5,31.5,60,12,1,1,$39.99,$1.78,$1.27,$0.67,20/2/2018,20,2,2018,Metal Gear,1.875,6.25,3.10
Driv3r,Reflections Interactive,"Shooter, Racing, Action, Sandbox",Single player,No,Yes,Yes,"First Person, Third Person","PC, Playstation 2, Xbox",3,10,13.5,14,20,1,0,$49.99,$5.00,$3.70,$3.57,21/6/2004,21,6,2004,Driver,0.5,5.50,5.60